Date,Name,Year,Letterboxd URI,Rating
2022-01-18,Spider-Man: Into the Spider-Verse,2018,https://boxd.it/azpY,3.5
2022-01-18,Avengers: Infinity War,2018,https://boxd.it/9vEe,4
2022-01-18,Avengers: Endgame,2019,https://boxd.it/9vE4,4
2022-01-18,The Matrix,1999,https://boxd.it/2a1m,4.5
2022-01-18,Spider-Man: No Way Home,2021,https://boxd.it/nwRw,3.5
2022-01-18,The Truman Show,1998,https://boxd.it/18U8,5
2022-01-18,Spider-Man: Homecoming,2017,https://boxd.it/aboM,3.5
2022-01-18,Thor: Ragnarok,2017,https://boxd.it/8MHi,4
2022-01-18,Soul,2020,https://boxd.it/ioLA,3
2022-01-18,Spider-Man: Far From Home,2019,https://boxd.it/fegG,3.5
2022-01-18,The Avengers,2012,https://boxd.it/1xFW,3.5
2022-01-18,Star Wars,1977,https://boxd.it/72s,4.5
2022-01-18,The Lord of the Rings: The Fellowship of the Ring,2001,https://boxd.it/2b5O,4.5
2022-01-18,Inside Out,2015,https://boxd.it/4KHC,3
2022-01-18,The Shawshank Redemption,1994,https://boxd.it/2aHi,5
2022-01-18,Back to the Future,1985,https://boxd.it/2b8e,4.5
2022-01-18,Ratatouille,2007,https://boxd.it/27ww,3.5
2022-01-18,Guardians of the Galaxy Vol. 2,2017,https://boxd.it/8MxC,4
2022-01-18,The Empire Strikes Back,1980,https://boxd.it/27Vw,4.5
2022-01-18,Captain America: Civil War,2016,https://boxd.it/89Ja,3.5
2022-01-18,Doctor Strange,2016,https://boxd.it/8MH8,4
2022-01-18,Iron Man,2008,https://boxd.it/28dA,3.5
2022-01-18,Captain America: The Winter Soldier,2014,https://boxd.it/3r58,3.5
2022-01-18,Star Wars: The Last Jedi,2017,https://boxd.it/5xme,3.5
2022-01-18,Jurassic Park,1993,https://boxd.it/2aA2,4.5
2022-01-18,Harry Potter and the Prisoner of Azkaban,2004,https://boxd.it/29Qy,4
2022-01-18,Toy Story,1995,https://boxd.it/29qA,4.5
2022-01-18,Alien,1979,https://boxd.it/2awY,3.5
2022-01-18,Black Widow,2021,https://boxd.it/hWV8,3
2022-01-18,The Incredibles,2004,https://boxd.it/1XLm,3.5
2022-01-18,Harry Potter and the Philosopher's Stone,2001,https://boxd.it/29QS,4
2022-01-18,The Martian,2015,https://boxd.it/8SeG,4.5
2022-01-18,Ferris Bueller's Day Off,1986,https://boxd.it/1YPY,5
2022-01-18,Thunder Force,2021,https://boxd.it/mLsE,0.5
2022-01-18,Cool Hand Luke,1967,https://boxd.it/29jY,5
2022-02-26,The First Great Train Robbery,1978,https://boxd.it/1TuQ,3.5
2022-02-26,Gosford Park,2001,https://boxd.it/239e,2.5
2022-02-26,"The Good, the Bad and the Ugly",1966,https://boxd.it/2ape,5
2022-02-26,Moneyball,2011,https://boxd.it/glS,4
2022-03-04,Free Guy,2021,https://boxd.it/k8dm,3
2022-03-06,The Untouchables,1987,https://boxd.it/2b6i,4
2022-03-06,Princess Mononoke,1997,https://boxd.it/2b4w,3.5
2022-03-11,Dr. Strangelove or: How I Learned to Stop Worrying and Love the Bomb,1964,https://boxd.it/29eY,5
2022-03-11,Buffy the Vampire Slayer,1992,https://boxd.it/1WP8,2.5
2022-03-13,Dead Poets Society,1989,https://boxd.it/2aSg,4
2022-03-20,The Thing,1982,https://boxd.it/294O,4.5
2022-03-22,Scent of a Woman,1992,https://boxd.it/1YAu,4.5
2022-03-25,City Lights,1931,https://boxd.it/29ki,3.5
2022-03-25,The Terminator,1984,https://boxd.it/2aQY,5
2022-03-25,Terminator 2: Judgment Day,1991,https://boxd.it/2aGY,5
2022-03-25,The Lion King,1994,https://boxd.it/201Q,3.5
2022-03-25,Rear Window,1954,https://boxd.it/2a6Q,5
2022-03-25,Indiana Jones and the Temple of Doom,1984,https://boxd.it/2bb8,3
2022-03-25,Indiana Jones and the Last Crusade,1989,https://boxd.it/2baO,4
2022-03-25,Sunset Boulevard,1950,https://boxd.it/2a20,5
2022-03-25,Casablanca,1942,https://boxd.it/2aG0,4.5
2022-03-25,Vertigo,1958,https://boxd.it/2apI,5
2022-03-25,M,1931,https://boxd.it/29vq,4.5
2022-04-02,The Sting,1973,https://boxd.it/1Z5s,4
2022-04-02,Evolution,2001,https://boxd.it/1YMK,0.5
2022-04-02,Gone with the Wind,1939,https://boxd.it/29Fq,5
2022-04-02,On the Waterfront,1954,https://boxd.it/29TC,4.5
2022-04-04,Encanto,2021,https://boxd.it/kPRu,3.5
2022-04-04,Metropolis,1927,https://boxd.it/71a,4.5
2022-04-10,From Here to Eternity,1953,https://boxd.it/1TRU,4
2022-04-16,The Birds,1963,https://boxd.it/2a6m,3.5
2022-04-26,The Batman,2022,https://boxd.it/eDGs,4.5
2022-05-02,The French Connection,1971,https://boxd.it/296g,4
2022-05-02,Rope,1948,https://boxd.it/28yo,4
2022-05-02,All About Eve,1950,https://boxd.it/29LI,4.5
2022-05-07,The Others,2001,https://boxd.it/27Po,4
2022-05-16,Bonnie and Clyde,1967,https://boxd.it/2ajg,4
2022-05-16,Arsenic and Old Lace,1944,https://boxd.it/2aRW,3.5
2022-05-21,Zoom,2006,https://boxd.it/1OKa,0.5
2022-05-21,Spirited Away,2001,https://boxd.it/2b4m,4.5
2022-05-21,Paths of Glory,1957,https://boxd.it/29b6,5
2022-05-30,White Heat,1949,https://boxd.it/1Lw0,4.5
2022-06-10,Million Dollar Baby,2004,https://boxd.it/2bdI,5
2022-06-10,The Intouchables,2011,https://boxd.it/2FT0,4.5
2022-06-10,Léon: The Professional,1994,https://boxd.it/2b8S,4.5
2022-06-10,Patton,1970,https://boxd.it/1UnQ,3.5
2022-07-01,In Search of the Secret Formula,2008,https://boxd.it/hUn4,0.5
2022-07-04,The Night of the Hunter,1955,https://boxd.it/25HW,4
2022-07-16,Top Secret!,1984,https://boxd.it/1ZSE,4
2022-08-03,First Blood,1982,https://boxd.it/28U0,4
2022-08-04,Shadow of a Doubt,1943,https://boxd.it/1BtA,4.5
2022-10-15,2001: A Space Odyssey,1968,https://boxd.it/2bf0,5
2022-10-27,Memento,2000,https://boxd.it/2bcK,5
2022-11-11,The Usual Suspects,1995,https://boxd.it/29XE,5
2022-11-14,Monty Python and the Holy Grail,1975,https://boxd.it/29GI,5
2022-11-22,The Shining,1980,https://boxd.it/29Nu,5
2022-11-25,Forrest Gump,1994,https://boxd.it/728,5
2022-12-11,Rebecca,1940,https://boxd.it/2aQa,3
2022-12-11,The Bridge on the River Kwai,1957,https://boxd.it/29wo,4
2022-12-11,My Fair Lady,1964,https://boxd.it/1UBI,3.5
2022-12-11,The Sound of Music,1965,https://boxd.it/1MLK,4
2022-12-11,Annie Hall,1977,https://boxd.it/29M2,5
2022-12-11,Driving Miss Daisy,1989,https://boxd.it/2asC,4.5
2022-12-11,Unforgiven,1992,https://boxd.it/6Z4,4.5
2022-12-11,A Beautiful Mind,2001,https://boxd.it/2amk,4.5
2022-12-11,The King's Speech,2010,https://boxd.it/dX0,4
2022-12-16,Touch of Evil,1958,https://boxd.it/28II,4.5
2022-12-24,Sunrise: A Song of Two Humans,1927,https://boxd.it/29Xk,4
2022-12-24,The Artist,2011,https://boxd.it/2AwK,4
2022-12-29,Chariots of Fire,1981,https://boxd.it/1YFu,4
2023-01-04,The Blues Brothers,1980,https://boxd.it/2adi,4.5
2023-01-07,Once Upon a Time in the West,1968,https://boxd.it/2az4,5
2023-01-21,The Great Dictator,1940,https://boxd.it/29ic,4.5
2023-01-21,The Kid,1921,https://boxd.it/1X5U,5
2023-01-21,The Gold Rush,1925,https://boxd.it/29ce,4.5
2023-01-22,Office Space,1999,https://boxd.it/28Em,4.5
2023-01-22,Anatomy of a Murder,1959,https://boxd.it/2baa,4
2023-01-22,Whiplash,2014,https://boxd.it/7bQA,4
2023-01-24,The Graduate,1967,https://boxd.it/18Im,4.5
2023-01-24,A Trip to the Moon,1902,https://boxd.it/29EC,4
2023-01-24,Jurassic World Dominion,2022,https://boxd.it/ikXW,3
2023-01-26,Solaris,1972,https://boxd.it/2a2Y,3.5
2023-02-02,The Lord of the Rings: The Two Towers,2002,https://boxd.it/2b5E,4.5
2023-02-02,Good Will Hunting,1997,https://boxd.it/2ahY,4
2023-02-02,The Third Man,1949,https://boxd.it/294E,4.5
2023-02-02,Heat,1995,https://boxd.it/2bg8,4.5
2023-02-09,Chinatown,1974,https://boxd.it/29vU,5
2023-02-18,Le Samouraï,1967,https://boxd.it/22ZI,5
2023-02-18,The Naked Gun: From the Files of Police Squad!,1988,https://boxd.it/18YE,4
2023-02-18,Spartacus,1960,https://boxd.it/29bq,4.5
2023-02-21,North by Northwest,1959,https://boxd.it/2aRM,4
2023-02-21,Strangers on a Train,1951,https://boxd.it/29tk,4.5
2023-02-21,Notorious,1946,https://boxd.it/2aDK,3
2023-02-21,To Catch a Thief,1955,https://boxd.it/2avm,3.5
2023-02-21,The 39 Steps,1935,https://boxd.it/2aKc,3
2023-02-21,The Man Who Knew Too Much,1956,https://boxd.it/2a5S,4
2023-02-21,Marnie,1964,https://boxd.it/2afe,3
2023-02-21,Suspicion,1941,https://boxd.it/1TNo,3.5
2023-02-21,The Trouble with Harry,1955,https://boxd.it/1Ul6,3
2023-02-21,The Lodger: A Story of the London Fog,1927,https://boxd.it/26m6,4
2023-02-21,Sabotage,1936,https://boxd.it/1RqC,3.5
2023-02-21,Dial M for Murder,1954,https://boxd.it/2adW,4
2023-02-21,Koyaanisqatsi,1982,https://boxd.it/1U9E,4.5
2023-02-23,Green Book,2018,https://boxd.it/hErk,4
2023-02-23,The Outlaw Josey Wales,1976,https://boxd.it/1VuS,3
2023-02-23,Citizen Kane,1941,https://boxd.it/71O,4.5
2023-02-23,The Muppet Movie,1979,https://boxd.it/1UrS,4.5
2023-02-25,Escape from Alcatraz,1979,https://boxd.it/1Vwk,3.5
2023-02-25,John Wick,2014,https://boxd.it/7dEc,4
2023-02-25,The Negotiator,1998,https://boxd.it/1YbO,4
2023-02-26,A Fistful of Dollars,1964,https://boxd.it/2auo,4.5
2023-03-04,"Aguirre, the Wrath of God",1972,https://boxd.it/27Fe,3.5
2023-03-10,All Quiet on the Western Front,1930,https://boxd.it/2b2g,4
2023-03-10,The Treasure of the Sierra Madre,1948,https://boxd.it/25Lk,4
2023-03-10,My Neighbor Totoro,1988,https://boxd.it/20eA,4.5
2023-03-10,Modern Times,1936,https://boxd.it/25MC,4
2023-03-10,It's a Wonderful Life,1946,https://boxd.it/28xA,4.5
2023-03-10,Howl's Moving Castle,2004,https://boxd.it/23De,3.5
2023-03-13,Man of Steel,2013,https://boxd.it/FRk,3.5
2023-03-13,Field of Dreams,1989,https://boxd.it/26VK,3.5
2023-03-13,The Bodyguard,1992,https://boxd.it/29Z6,2.5
2023-03-13,"McFarland, USA",2015,https://boxd.it/6JCq,2.5
2023-03-17,Fantastic Four,2015,https://boxd.it/5a9c,1
2023-03-17,Before Sunrise,1995,https://boxd.it/2bcU,4.5
2023-03-25,A Man for All Seasons,1966,https://boxd.it/29oE,4
2023-03-29,Ocean's Eleven,2001,https://boxd.it/2aZm,4.5
2023-03-29,Ocean's Eight,2018,https://boxd.it/eaai,3.5
2023-03-29,Ocean's Twelve,2004,https://boxd.it/2aZ2,3.5
2023-03-29,Ocean's Thirteen,2007,https://boxd.it/2aEy,4
2023-03-30,For a Few Dollars More,1965,https://boxd.it/29eu,4
2023-03-30,Ghostbusters II,1989,https://boxd.it/261s,2
2023-03-31,The Maltese Falcon,1941,https://boxd.it/29c4,4
2023-03-31,The Big Sleep,1946,https://boxd.it/29iQ,4
2023-03-31,Out of the Past,1947,https://boxd.it/29PK,3.5
2023-03-31,Arrival,2016,https://boxd.it/aNGk,4
2023-04-01,The Grand Budapest Hotel,2014,https://boxd.it/3ZqO,5
2023-04-01,The Godfather,1972,https://boxd.it/2aNK,5
2023-04-02,Undercover Blues,1993,https://boxd.it/1Rt2,2.5
2023-04-03,The Hunger Games,2012,https://boxd.it/2uds,3.5
2023-04-04,Gladiator,2000,https://boxd.it/2b9m,3.5
2023-04-04,The Prestige,2006,https://boxd.it/293w,3.5
2023-04-04,Toy Story 3,2010,https://boxd.it/1WRe,4.5
2023-04-04,Return of the Jedi,1983,https://boxd.it/27Vm,4
2023-04-04,Amélie,2001,https://boxd.it/2aUc,4
2023-04-04,Hamilton,2020,https://boxd.it/kmvE,3.5
2023-04-04,Top Gun: Maverick,2022,https://boxd.it/cjr4,4
2023-04-04,Batman Begins,2005,https://boxd.it/2aIg,4
2023-04-04,Some Like It Hot,1959,https://boxd.it/2aNA,3.5
2023-04-04,Judgment at Nuremberg,1961,https://boxd.it/29xc,4.5
2023-04-04,The Sixth Sense,1999,https://boxd.it/29Js,4
2023-04-04,Finding Nemo,2003,https://boxd.it/72i,4.5
2023-04-04,The Elephant Man,1980,https://boxd.it/27LQ,4
2023-04-04,Catch Me If You Can,2002,https://boxd.it/29VS,4
2023-04-04,Klaus,2019,https://boxd.it/ipoi,3.5
2023-04-04,Harry Potter and the Deathly Hallows: Part 2,2011,https://boxd.it/1RYk,4
2023-04-04,How to Train Your Dragon,2010,https://boxd.it/1WRy,4
2023-04-04,"Monsters, Inc.",2001,https://boxd.it/2a46,4.5
2023-04-04,Jaws,1975,https://boxd.it/2a5e,4
2023-04-04,The Wizard of Oz,1939,https://boxd.it/29Xu,4
2023-04-04,Pirates of the Caribbean: The Curse of the Black Pearl,2003,https://boxd.it/70G,4.5
2023-04-04,Hachi: A Dog's Tale,2009,https://boxd.it/1q4a,3.5
2023-04-04,The Help,2011,https://boxd.it/EDm,4
2023-04-04,Aladdin,1992,https://boxd.it/29yE,3.5
2023-04-05,Stand and Deliver,1988,https://boxd.it/1o5g,3
2023-04-05,Pleasantville,1998,https://boxd.it/26uY,4
2023-04-06,The Phantom of the Opera,2004,https://boxd.it/1XHu,3.5
2023-04-06,Mr. Smith Goes to Washington,1939,https://boxd.it/25Ms,4
2023-04-06,The Shop Around the Corner,1940,https://boxd.it/1DFy,3.5
2023-04-06,A Few Good Men,1992,https://boxd.it/29nw,4.5
2023-04-08,42,2013,https://boxd.it/3GBo,3
2023-04-08,The Last Samurai,2003,https://boxd.it/29ZA,4
2023-04-08,Avatar,2009,https://boxd.it/1Efm,3.5
2023-04-08,West Side Story,1961,https://boxd.it/28dK,4
2023-04-08,Rocky,1976,https://boxd.it/28Uk,4
2023-04-08,Rain Man,1988,https://boxd.it/2avw,4.5
2023-04-08,Dances with Wolves,1990,https://boxd.it/2a4K,3.5
2023-04-08,The Lord of the Rings: The Return of the King,2003,https://boxd.it/2b5u,4.5
2023-04-08,The Heavenly Kid,1985,https://boxd.it/1z0c,3
2023-04-08,Home Alone,1990,https://boxd.it/29Fg,4
2023-04-08,Home Alone 2: Lost in New York,1992,https://boxd.it/29F6,3.5
2023-04-08,Barry Lyndon,1975,https://boxd.it/25A2,5
2023-04-08,Star Wars: Episode III – Revenge of the Sith,2005,https://boxd.it/27US,4
2023-04-08,Star Wars: The Force Awakens,2015,https://boxd.it/4vru,3
2023-04-08,Star Wars: The Rise of Skywalker,2019,https://boxd.it/5xlK,2.5
2023-04-09,Clue,1985,https://boxd.it/1MDQ,4.5
2023-04-10,Toy Story 2,1999,https://boxd.it/29qq,4.5
2023-04-10,Toy Story 4,2019,https://boxd.it/9ALu,4
2023-04-10,Mary Poppins,1964,https://boxd.it/2aoA,4
2023-04-10,Alice in Wonderland,2010,https://boxd.it/1Spq,1.5
2023-04-10,Tomorrowland,2015,https://boxd.it/4YaC,2
2023-04-10,Gidget,1959,https://boxd.it/ViA,2
2023-04-10,Psycho,1960,https://boxd.it/2ab2,4.5
2023-04-10,12 Angry Men,1957,https://boxd.it/2auI,4
2023-04-11,This Is Spinal Tap,1984,https://boxd.it/1UOs,4.5
2023-04-11,Austin Powers: International Man of Mystery,1997,https://boxd.it/29y0,3.5
2023-04-11,True Grit,1969,https://boxd.it/1Ix0,3.5
2023-04-13,My Cousin Vinny,1992,https://boxd.it/1WpO,4
2023-04-13,Ghost,1990,https://boxd.it/2aLE,3.5
2023-04-13,Twilight,2008,https://boxd.it/1Zui,2
2023-04-13,I Am a Fugitive from a Chain Gang,1932,https://boxd.it/1mNg,3.5
2023-04-14,Sunstone,1979,https://boxd.it/bDhG,3
2023-04-14,A Dog's Life,1918,https://boxd.it/1b5s,4
2023-04-14,Romeo + Juliet,1996,https://boxd.it/2ama,3
2023-04-14,Moulin Rouge!,2001,https://boxd.it/29wI,3.5
2023-04-14,Strictly Ballroom,1992,https://boxd.it/1WkY,2.5
2023-04-14,Inception,2010,https://boxd.it/1skk,4.5
2023-04-14,Nine to Five,1980,https://boxd.it/1F2S,3.5
2023-04-15,All of Me,1984,https://boxd.it/1VMi,2.5
2023-04-16,The Fugitive,1993,https://boxd.it/230G,4
2023-04-16,Glengarry Glen Ross,1992,https://boxd.it/1Yw8,4
2023-04-16,21,2008,https://boxd.it/20BO,2
2023-04-16,Outbreak,1995,https://boxd.it/21io,3.5
2023-04-18,Michael Jackson's Thriller,1983,https://boxd.it/3e76,4
2023-04-18,Big Business,1988,https://boxd.it/1RmA,2
2023-04-18,The Crucible,1996,https://boxd.it/1Dji,2
2023-04-19,Knives Out,2019,https://boxd.it/jWEA,4
2023-04-22,All the President's Men,1976,https://boxd.it/29lU,4.5
2023-04-22,Murder on the Orient Express,1974,https://boxd.it/24IY,4
2023-04-22,Cape Fear,1962,https://boxd.it/1U4a,4
2023-04-22,Ender's Game,2013,https://boxd.it/2N9Y,1
2023-04-23,Canadian Bacon,1995,https://boxd.it/28am,3.5
2023-04-24,National Lampoon's Christmas Vacation,1989,https://boxd.it/22wQ,3.5
2023-04-24,The Matrix Reloaded,2003,https://boxd.it/2a1c,3.5
2023-04-24,The Matrix Revolutions,2003,https://boxd.it/2a12,3
2023-04-26,Signs,2002,https://boxd.it/26t2,3.5
2023-04-26,Wonder Woman,2017,https://boxd.it/9roG,2.5
2023-04-26,The Goonies,1985,https://boxd.it/1YVC,3.5
2023-04-26,Ant-Man,2015,https://boxd.it/3vmW,3.5
2023-04-26,Top Gun,1986,https://boxd.it/29JC,3
2023-04-26,Avengers: Age of Ultron,2015,https://boxd.it/3qi6,3.5
2023-04-26,The Little Mermaid,1989,https://boxd.it/1WYO,3
2023-04-26,The Lego Movie,2014,https://boxd.it/4pDO,4
2023-04-26,Big,1988,https://boxd.it/271S,3
2023-04-26,The Hobbit: An Unexpected Journey,2012,https://boxd.it/GZk,3
2023-04-26,Robin Hood,1973,https://boxd.it/1SRa,4
2023-04-26,Beetlejuice,1988,https://boxd.it/24QI,3
2023-04-26,X-Men: Days of Future Past,2014,https://boxd.it/4aRw,3
2023-04-26,Labyrinth,1986,https://boxd.it/1POC,3
2023-04-26,Dirty Dancing,1987,https://boxd.it/2baY,3.5
2023-04-26,Grease,1978,https://boxd.it/29YW,3
2023-04-26,Ace Ventura: Pet Detective,1994,https://boxd.it/25RW,3.5
2023-04-26,Big Hero 6,2014,https://boxd.it/5rje,3
2023-04-26,Pirates of the Caribbean: Dead Men Tell No Tales,2017,https://boxd.it/5a9m,2.5
2023-04-26,Superman,1978,https://boxd.it/27Qm,3.5
2023-04-26,National Treasure,2004,https://boxd.it/27x0,4
2023-04-30,The Mummy,1999,https://boxd.it/2a7a,3
2023-04-30,The Man Who Knew Too Much,1934,https://boxd.it/20uI,3.5
2023-04-30,Jamaica Inn,1939,https://boxd.it/1hXq,3
2023-05-01,Number Seventeen,1932,https://boxd.it/1N14,1.5
2023-05-03,Ralph Breaks the Internet,2018,https://boxd.it/edAy,2.5
2023-05-03,Aladdin,2019,https://boxd.it/eSjy,2.5
2023-05-03,Frozen II,2019,https://boxd.it/aPvo,2.5
2023-05-03,Frozen,2013,https://boxd.it/3GNa,3
2023-05-03,The Emperor's New Groove,2000,https://boxd.it/1Tey,4
2023-05-03,Wreck-It Ralph,2012,https://boxd.it/2TTS,3
2023-05-03,Atlantis: The Lost Empire,2001,https://boxd.it/1Vck,3.5
2023-05-03,Moana,2016,https://boxd.it/8tfY,3
2023-05-03,The Angry Birds Movie,2016,https://boxd.it/4PBu,2
2023-05-03,The Emoji Movie,2017,https://boxd.it/d9x4,0.5
2023-05-04,Spy Kids,2001,https://boxd.it/1Xcw,2.5
2023-05-04,The Faculty,1998,https://boxd.it/1Z5C,2.5
2023-05-04,Spy Kids 3-D: Game Over,2003,https://boxd.it/1S7w,2
2023-05-04,Spy Kids 2: The Island of Lost Dreams,2002,https://boxd.it/1Yyo,1.5
2023-05-04,Spy Kids: All the Time in the World,2011,https://boxd.it/ptm,1
2023-05-06,Night at the Museum: Secret of the Tomb,2014,https://boxd.it/5x3m,1.5
2023-05-08,No Country for Old Men,2007,https://boxd.it/21ew,4.5
2023-05-08,Rashomon,1950,https://boxd.it/2a9K,3
2023-05-09,Little Shop of Horrors,1986,https://boxd.it/1Vqm,3.5
2023-05-09,Waiting for Guffman,1996,https://boxd.it/1K4E,4.5
2023-05-09,Cars,2006,https://boxd.it/29ho,4
2023-05-09,Harvey,1950,https://boxd.it/1T5w,4
2023-05-13,Spaceballs,1987,https://boxd.it/29cy,3.5
2023-05-13,"Hello, Dolly!",1969,https://boxd.it/1OTG,2.5
2023-05-13,Minority Report,2002,https://boxd.it/2aWi,3.5
2023-05-13,Three Days of the Condor,1975,https://boxd.it/1SF4,3.5
2023-05-13,Nosferatu,1922,https://boxd.it/29TM,4
2023-05-13,The Princess Bride,1987,https://boxd.it/26EY,4
2023-05-13,Cabaret,1972,https://boxd.it/1Vpe,4
2023-05-13,Mission: Impossible,1996,https://boxd.it/29d2,4
2023-05-15,Key Largo,1948,https://boxd.it/1UQS,3.5
2023-05-15,Saving Mr. Banks,2013,https://boxd.it/4vIq,3.5
2023-05-17,Kung Fu Panda,2008,https://boxd.it/1Yws,3.5
2023-05-17,Hook,1991,https://boxd.it/29nQ,2.5
2023-05-20,The Secret Life of Walter Mitty,2013,https://boxd.it/3SWy,3
2023-05-21,3:10 to Yuma,2007,https://boxd.it/23g0,3
2023-05-21,Tombstone,1993,https://boxd.it/1SE6,4
2023-05-21,Tomorrow Never Dies,1997,https://boxd.it/29Kg,3.5
2023-05-21,Quantum of Solace,2008,https://boxd.it/1Vs8,3.5
2023-05-22,Wings,1927,https://boxd.it/1osO,3.5
2023-05-22,Conspiracy Theory,1997,https://boxd.it/1ZNk,3.5
2023-05-22,Black Panther: Wakanda Forever,2022,https://boxd.it/igPu,2.5
2023-05-22,Fantastic Beasts: The Secrets of Dumbledore,2022,https://boxd.it/bg8Q,2
2023-05-22,Moonfall,2022,https://boxd.it/ejwM,1
2023-05-22,The Matrix Resurrections,2021,https://boxd.it/n87k,1.5
2023-05-22,Jungle Cruise,2021,https://boxd.it/g4YK,3
2023-05-22,Ant-Man and the Wasp,2018,https://boxd.it/cqUW,3
2023-05-22,Ready Player One,2018,https://boxd.it/aZes,3
2023-05-22,Black Panther,2018,https://boxd.it/8MHs,3.5
2023-05-22,Murder on the Orient Express,2017,https://boxd.it/dHjA,3.5
2023-05-22,X-Men: Apocalypse,2016,https://boxd.it/7eJi,2.5
2023-05-22,The Revenant,2015,https://boxd.it/8H5e,3.5
2023-05-22,Thor: The Dark World,2013,https://boxd.it/2DqA,2.5
2023-05-22,Iron Man 3,2013,https://boxd.it/2cBQ,3
2023-05-22,Captain America: The First Avenger,2011,https://boxd.it/28b0,3.5
2023-05-22,Thor,2011,https://boxd.it/1WQU,3
2023-05-22,Harry Potter and the Deathly Hallows: Part 1,2010,https://boxd.it/1RYu,4
2023-05-22,Iron Man 2,2010,https://boxd.it/1WZM,2.5
2023-05-22,Harry Potter and the Half-Blood Prince,2009,https://boxd.it/29FU,4
2023-05-22,WALL·E,2008,https://boxd.it/1VEo,4
2023-05-22,Indiana Jones and the Kingdom of the Crystal Skull,2008,https://boxd.it/2aR8,3.5
2023-05-22,The Invasion,2007,https://boxd.it/23Ku,3
2023-05-22,Harry Potter and the Order of the Phoenix,2007,https://boxd.it/29Qe,4
2023-05-22,Harry Potter and the Goblet of Fire,2005,https://boxd.it/29Qo,4
2023-05-22,The Village,2004,https://boxd.it/21iS,3
2023-05-22,"I, Robot",2004,https://boxd.it/27y8,3
2023-05-22,The Terminal,2004,https://boxd.it/2a2O,3.5
2023-05-22,Harry Potter and the Chamber of Secrets,2002,https://boxd.it/29QI,4
2023-05-22,Star Wars: Episode II – Attack of the Clones,2002,https://boxd.it/27V2,3.5
2023-05-22,Spider-Man,2002,https://boxd.it/2a8i,3.5
2023-05-22,A Knight's Tale,2001,https://boxd.it/1YAk,3
2023-05-22,Remember the Titans,2000,https://boxd.it/1VLk,3.5
2023-05-22,"O Brother, Where Art Thou?",2000,https://boxd.it/2b3I,4
2023-05-22,Double Jeopardy,1999,https://boxd.it/1WmA,3
2023-05-22,Muppets from Space,1999,https://boxd.it/1WOO,2
2023-05-22,You've Got Mail,1998,https://boxd.it/1Yye,3
2023-05-22,Titanic,1997,https://boxd.it/2a2k,4.5
2023-05-22,Volcano,1997,https://boxd.it/1WsS,3
2023-05-22,The Rock,1996,https://boxd.it/1XM0,3
2023-05-22,Billy Madison,1995,https://boxd.it/1UQI,3.5
2023-05-22,The Firm,1993,https://boxd.it/18JY,3
2023-05-22,City Slickers,1991,https://boxd.it/28P0,3
2023-05-22,Back to the Future Part III,1990,https://boxd.it/2aTS,3
2023-05-22,Back to the Future Part II,1989,https://boxd.it/2aYI,3.5
2023-05-22,Who's Harry Crumb?,1989,https://boxd.it/1T9S,1
2023-05-22,Scrooged,1988,https://boxd.it/1Y9e,1.5
2023-05-22,Empire of the Sun,1987,https://boxd.it/1X4i,2.5
2023-05-22,Rambo: First Blood Part II,1985,https://boxd.it/28TQ,3
2023-05-22,The Breakfast Club,1985,https://boxd.it/27q4,3.5
2023-05-22,WarGames,1983,https://boxd.it/29qU,2.5
2023-05-22,Tootsie,1982,https://boxd.it/1YkG,2
2023-05-22,E.T. the Extra-Terrestrial,1982,https://boxd.it/2a1G,4
2023-05-22,Soylent Green,1973,https://boxd.it/1SxE,4
2023-05-22,To Kill a Mockingbird,1962,https://boxd.it/2a2E,3.5
2023-05-22,Invasion of the Body Snatchers,1956,https://boxd.it/1TAa,4
2023-05-22,Invasion of the Body Snatchers,1978,https://boxd.it/1SWk,4.5
2023-05-22,The Snows of Kilimanjaro,1952,https://boxd.it/24ja,2
2023-05-22,Fantasia,1940,https://boxd.it/29HG,3
2023-05-22,Bringing Up Baby,1938,https://boxd.it/29ks,2.5
2023-05-22,Frankenstein,1931,https://boxd.it/25Te,4
2023-05-22,Bedknobs and Broomsticks,1971,https://boxd.it/1S4W,2
2023-05-22,One Hundred and One Dalmatians,1961,https://boxd.it/1SeC,3
2023-05-22,The Sword in the Stone,1963,https://boxd.it/1ZdG,3.5
2023-05-22,The Rescuers,1977,https://boxd.it/1U8Q,2.5
2023-05-22,The Many Adventures of Winnie the Pooh,1977,https://boxd.it/7l0Y,4
2023-05-22,Onward,2020,https://boxd.it/io92,3
2023-05-22,Cars 2,2011,https://boxd.it/H4Y,3.5
2023-05-22,Cars 3,2017,https://boxd.it/7IPq,2.5
2023-05-22,The Good Dinosaur,2015,https://boxd.it/3AD4,2.5
2023-05-22,Bao,2018,https://boxd.it/iEl4,3.5
2023-05-22,Piper,2016,https://boxd.it/dZaG,4
2023-05-22,Lava,2014,https://boxd.it/8S9G,3
2023-05-22,Geri's Game,1997,https://boxd.it/1P6U,4
2023-05-22,For the Birds,2000,https://boxd.it/1P6K,4
2023-05-22,Burrow,2020,https://boxd.it/s2KU,3.5
2023-05-22,Day & Night,2010,https://boxd.it/11kM,3.5
2023-05-22,Jack-Jack Attack,2005,https://boxd.it/1P6q,3
2023-05-22,La luna,2011,https://boxd.it/2WbO,3.5
2023-05-22,Toy Story of Terror!,2013,https://boxd.it/6m2Y,3.5
2023-05-22,Mike's New Car,2002,https://boxd.it/1P6A,3
2023-05-22,Partly Cloudy,2009,https://boxd.it/1xzE,3
2023-05-22,Presto,2008,https://boxd.it/1QYI,4
2023-05-22,Luxo Jr.,1986,https://boxd.it/1P7y,3.5
2023-05-22,Lifted,2006,https://boxd.it/1QW8,3.5
2023-05-22,Tin Toy,1988,https://boxd.it/1P7e,3
2023-05-22,One Man Band,2005,https://boxd.it/1P6g,3.5
2023-05-22,Boundin',2003,https://boxd.it/1QVO,2.5
2023-05-22,Toy Story That Time Forgot,2014,https://boxd.it/7zVa,3
2023-05-22,BURN·E,2008,https://boxd.it/1QdM,3.5
2023-05-22,Hawaiian Vacation,2011,https://boxd.it/2Hkw,3
2023-05-22,Mater and the Ghostlight,2006,https://boxd.it/1P66,3.5
2023-05-22,Partysaurus Rex,2012,https://boxd.it/4gmE,3
2023-05-22,The Adventures of André and Wally B.,1984,https://boxd.it/1P7I,3
2023-05-22,Red's Dream,1987,https://boxd.it/1P7o,3
2023-05-22,Tokyo Mater,2008,https://boxd.it/1xS2,3
2023-05-22,Air Mater,2011,https://boxd.it/4CLc,3
2023-05-22,El Materdor,2008,https://boxd.it/14CY,3
2023-05-22,Mater the Greater,2008,https://boxd.it/4vXU,3
2023-05-22,Unidentified Flying Mater,2009,https://boxd.it/5hPu,3
2023-05-22,Mater Private Eye,2010,https://boxd.it/4HPI,3.5
2023-05-22,Monster Truck Mater,2010,https://boxd.it/4HPS,2.5
2023-05-22,Heavy Metal Mater,2010,https://boxd.it/4HPy,2.5
2023-05-22,Time Travel Mater,2012,https://boxd.it/4wJ0,3
2023-05-22,Rescue Squad Mater,2008,https://boxd.it/oOI,3
2023-05-22,Moon Mater,2010,https://boxd.it/4HPo,2.5
2023-05-22,Bugged,2013,https://boxd.it/9nts,2.5
2023-05-22,Alice in Wonderland,1951,https://boxd.it/1Sz6,3
2023-05-22,Bambi,1942,https://boxd.it/25AQ,3.5
2023-05-22,Peter Pan,1953,https://boxd.it/1VCC,3
2023-05-22,Sleeping Beauty,1959,https://boxd.it/1V9A,3
2023-05-22,Steamboat Willie,1928,https://boxd.it/wgk,3.5
2023-05-22,The Parent Trap,1961,https://boxd.it/1Fw4,3
2023-05-22,Three Little Pigs,1933,https://boxd.it/1dQU,3
2023-05-22,The Absent-Minded Professor,1961,https://boxd.it/1HKC,2.5
2023-05-22,The Nightmare Before Christmas,1993,https://boxd.it/1YzQ,3.5
2023-05-22,Mulan,1998,https://boxd.it/1VFw,3.5
2023-05-22,Pirates of the Caribbean: Dead Man's Chest,2006,https://boxd.it/2bfk,3.5
2023-05-22,Beauty and the Beast,1991,https://boxd.it/1XhG,4
2023-05-22,Pirates of the Caribbean: At World's End,2007,https://boxd.it/2aGu,3
2023-05-22,Beauty and the Beast,2017,https://boxd.it/ar0c,3.5
2023-05-22,The Parent Trap,1998,https://boxd.it/1XJq,3
2023-05-22,Maleficent,2014,https://boxd.it/3v1u,2.5
2023-05-22,Hocus Pocus,1993,https://boxd.it/1Wgi,3
2023-05-22,Enchanted,2007,https://boxd.it/24co,3
2023-05-22,Freaky Friday,2003,https://boxd.it/1WwK,3
2023-05-22,Pirates of the Caribbean: On Stranger Tides,2011,https://boxd.it/27Z4,3
2023-05-22,TRON: Legacy,2010,https://boxd.it/1Dlo,3
2023-05-22,Meet the Robinsons,2007,https://boxd.it/28Ym,2.5
2023-05-22,The Muppet Christmas Carol,1992,https://boxd.it/1WgC,4
2023-05-22,Into the Woods,2014,https://boxd.it/6DtW,2.5
2023-05-22,Mary Poppins Returns,2018,https://boxd.it/e4nU,2
2023-05-22,The Santa Clause,1994,https://boxd.it/1TWK,3.5
2023-05-22,A Christmas Carol,2009,https://boxd.it/1HKW,3
2023-05-22,James and the Giant Peach,1996,https://boxd.it/1W0O,3
2023-05-22,National Treasure: Book of Secrets,2007,https://boxd.it/21rq,3
2023-05-22,"Honey, I Shrunk the Kids",1989,https://boxd.it/1YTw,3
2023-05-22,A Wrinkle in Time,2018,https://boxd.it/el46,1
2023-05-22,The Great Mouse Detective,1986,https://boxd.it/1XlI,3
2023-05-22,The Rocketeer,1991,https://boxd.it/1WIG,3.5
2023-05-22,The Santa Clause 3: The Escape Clause,2006,https://boxd.it/1Psw,0.5
2023-05-22,The Rescuers Down Under,1990,https://boxd.it/1Uya,2.5
2023-05-22,Muppet Treasure Island,1996,https://boxd.it/1VaS,3
2023-05-22,Around the World in 80 Days,2004,https://boxd.it/1WPs,2.5
2023-05-22,The Tigger Movie,2000,https://boxd.it/1LO4,3
2023-05-22,The Three Musketeers,1993,https://boxd.it/1Xc2,3
2023-05-22,Inspector Gadget 2,2003,https://boxd.it/1Eyy,1
2023-05-23,Bruce Almighty,2003,https://boxd.it/2aCC,3
2023-05-23,Evan Almighty,2007,https://boxd.it/26s4,2
2023-05-24,Gandhi,1982,https://boxd.it/29Dk,4
2023-05-24,Argo,2012,https://boxd.it/2czU,4
2023-05-24,Terminator 3: Rise of the Machines,2003,https://boxd.it/2aES,3.5
2023-05-24,The Music Man,1962,https://boxd.it/1PFg,3
2023-05-25,Downhill,1927,https://boxd.it/y9g,2
2023-05-25,The Conversation,1974,https://boxd.it/2a38,3.5
2023-05-25,Young Frankenstein,1974,https://boxd.it/25To,4.5
2023-05-26,Bridge to Terabithia,2007,https://boxd.it/28YG,2.5
2023-05-26,Elf,2003,https://boxd.it/1VyK,3.5
2023-05-26,The Great Escape,1963,https://boxd.it/22kA,3.5
2023-05-26,Quiz Show,1994,https://boxd.it/1TPa,4
2023-05-26,Four Weddings and a Funeral,1994,https://boxd.it/29KA,3.5
2023-05-26,The Dark Knight,2008,https://boxd.it/2b0k,4.5
2023-05-27,Guardians of the Galaxy,2014,https://boxd.it/3VH2,4
2023-05-27,Guardians of the Galaxy Vol. 3,2023,https://boxd.it/fVNI,3.5
2023-05-28,Paddington,2014,https://boxd.it/3RKw,3
2023-05-28,The Bourne Identity,2002,https://boxd.it/26EO,4
2023-05-28,The Spiderwick Chronicles,2008,https://boxd.it/20v2,2
2023-05-28,Charlie and the Chocolate Factory,2005,https://boxd.it/2b68,3.5
2023-05-28,The Golden Compass,2007,https://boxd.it/272Q,2
2023-05-28,The Godfather Part II,1974,https://boxd.it/2aNq,4.5
2023-05-29,Sleepless in Seattle,1993,https://boxd.it/29re,3
2023-05-29,While You Were Sleeping,1995,https://boxd.it/27wm,3
2023-05-29,My Big Fat Greek Wedding,2002,https://boxd.it/20k4,3
2023-05-29,Charade,1963,https://boxd.it/23O2,4
2023-05-30,A Place in the Sun,1951,https://boxd.it/1vlg,4
2023-06-01,Witness for the Prosecution,1957,https://boxd.it/18H4,4.5
2023-06-01,Up,2009,https://boxd.it/1OEc,3.5
2023-06-01,Robin Hood: Men in Tights,1993,https://boxd.it/20H8,3.5
2023-06-01,Logan,2017,https://boxd.it/7Piy,4
2023-06-02,2 Fast 2 Furious,2003,https://boxd.it/2a4g,2.5
2023-06-02,The Fast and the Furious,2001,https://boxd.it/1XMu,3
2023-06-02,World of Tomorrow,2015,https://boxd.it/9Gr6,4
2023-06-03,Apocalypse Now,1979,https://boxd.it/6ZS,5
2023-06-04,The Secret Life of Pets,2016,https://boxd.it/aJ5E,2
2023-06-04,Megamind,2010,https://boxd.it/16Sk,3.5
2023-06-04,The Da Vinci Code,2006,https://boxd.it/2a3i,3.5
2023-06-04,The General,1926,https://boxd.it/29co,5
2023-06-05,The Hunger Games: Catching Fire,2013,https://boxd.it/3sAw,3
2023-06-05,The Italian Job,2003,https://boxd.it/1Y86,3.5
2023-06-05,To Have and Have Not,1944,https://boxd.it/1Am4,4
2023-06-05,Thor: Love and Thunder,2022,https://boxd.it/mMAY,2.5
2023-06-05,The Greatest Showman,2017,https://boxd.it/acjI,3.5
2023-06-05,Wonder,2017,https://boxd.it/ekeY,2.5
2023-06-05,The Lego Batman Movie,2017,https://boxd.it/azp0,3.5
2023-06-05,Batman v Superman: Dawn of Justice,2016,https://boxd.it/6fBW,1.5
2023-06-05,Monsters University,2013,https://boxd.it/bQm,2.5
2023-06-05,The Great Gatsby,2013,https://boxd.it/JY,3
2023-06-05,Skyfall,2012,https://boxd.it/17Fc,3.5
2023-06-05,Miracle,2004,https://boxd.it/1OmM,3
2023-06-05,The Man Who Knew Too Little,1997,https://boxd.it/1YKa,1
2023-06-05,Desperado,1995,https://boxd.it/20Bk,3
2023-06-05,Knick Knack,1989,https://boxd.it/1P74,3
2023-06-05,Ghostbusters,1984,https://boxd.it/g2w,4
2023-06-05,Guess Who's Coming to Dinner,1967,https://boxd.it/27Xi,3.5
2023-06-05,The Dirty Dozen,1967,https://boxd.it/28nK,3.5
2023-06-05,Goldfinger,1964,https://boxd.it/29SY,4
2023-06-05,The Polar Express,2004,https://boxd.it/23am,2.5
2023-06-05,L'Homme Machine,1885,https://boxd.it/lwWW,3
2023-06-05,Ella Enchanted,2004,https://boxd.it/1O5G,3
2023-06-05,Rango,2011,https://boxd.it/QPk,3
2023-06-05,Gattaca,1997,https://boxd.it/29Du,4
2023-06-05,Whiplash,2013,https://boxd.it/cJds,4
2023-06-06,One Week,1920,https://boxd.it/1zr8,4
2023-06-07,The Last Mimzy,2007,https://boxd.it/2730,2.5
2023-06-07,Motion Painting No. 1,1947,https://boxd.it/4BLg,3.5
2023-06-08,Meshes of the Afternoon,1943,https://boxd.it/1sEE,4
2023-06-08,The King and I,1956,https://boxd.it/1K0M,3.5
2023-06-09,Unhinged,2020,https://boxd.it/najM,2.5
2023-06-10,The Hand,1965,https://boxd.it/3rCm,4.5
2023-06-11,The Boxcar Children,2014,https://boxd.it/8Ua2,2.5
2023-06-11,Selena,1997,https://boxd.it/1KVS,3
2023-06-11,Under the Same Moon,2007,https://boxd.it/1gUA,2.5
2023-06-11,Fermat's Room,2007,https://boxd.it/22Ue,2.5
2023-06-12,The Atomic Cafe,1982,https://boxd.it/1t2w,4
2023-06-13,Wallace & Gromit: The Curse of the Were-Rabbit,2005,https://boxd.it/2ac0,4
2023-06-13,Shaun the Sheep Movie,2015,https://boxd.it/7Pdy,3
2023-06-13,The Boxtrolls,2014,https://boxd.it/5grw,2.5
2023-06-13,The Boy in the Striped Pyjamas,2008,https://boxd.it/1NOK,3
2023-06-14,Inglourious Basterds,2009,https://boxd.it/1JzG,4.5
2023-06-14,WandaVision,2021,https://boxd.it/sbGW,4
2023-06-15,The Impossible Voyage,1904,https://boxd.it/263I,4
2023-06-15,The Big Shave,1967,https://boxd.it/HO8,3.5
2023-06-16,Hot Fuzz,2007,https://boxd.it/2416,4.5
2023-06-17,John Wick: Chapter 2,2017,https://boxd.it/ayGu,3.5
2023-06-19,Butch Cassidy and the Sundance Kid,1969,https://boxd.it/29Vy,4.5
2023-06-19,Laura,1944,https://boxd.it/27Oq,4
2023-06-19,F for Fake,1973,https://boxd.it/VxA,4
2023-06-19,RoboCop,1987,https://boxd.it/22Wu,4
2023-06-20,Patriot Games,1992,https://boxd.it/1XEA,3
2023-06-20,Finding Dory,2016,https://boxd.it/4aAA,3.5
2023-06-20,The Good Lie,2014,https://boxd.it/7l76,2
2023-06-20,Batman,1989,https://boxd.it/2aIU,4
2023-06-20,Speed,1994,https://boxd.it/28qk,4
2023-06-20,The Seventh Seal,1957,https://boxd.it/2ahO,4
2023-06-20,Tammy and the Bachelor,1957,https://boxd.it/UZe,3
2023-06-20,The Outsiders,1983,https://boxd.it/2aPw,3
2023-06-21,Galaxy Quest,1999,https://boxd.it/29gq,3
2023-06-22,The Meaning of Life,2005,https://boxd.it/1gZq,4
2023-06-24,Phineas and Ferb: Star Wars,2014,https://boxd.it/dI1M,3.5
2023-06-24,The Wrong Trousers,1993,https://boxd.it/2ack,5
2023-06-25,Wonder Woman 1984,2020,https://boxd.it/gBtA,2
2023-06-25,The Prince of Egypt,1998,https://boxd.it/1XGQ,4
2023-06-25,Captain Marvel,2019,https://boxd.it/9vSA,2.5
2023-06-26,Zootopia,2016,https://boxd.it/84xS,3.5
2023-06-26,Minions,2015,https://boxd.it/6jCO,3
2023-06-26,Planes,2013,https://boxd.it/4Na2,2
2023-06-26,Turbo,2013,https://boxd.it/2Hzw,2
2023-06-26,Mortal Engines,2018,https://boxd.it/fahg,2
2023-06-26,"The Chronicles of Narnia: The Lion, the Witch and the Wardrobe",2005,https://boxd.it/2ark,2.5
2023-06-26,Kronk's New Groove,2005,https://boxd.it/1Qd8,2.5
2023-06-26,The Santa Clause 2,2002,https://boxd.it/1ZmI,1.5
2023-06-26,Rambo III,1988,https://boxd.it/28TG,3
2023-06-26,Blue Hawaii,1961,https://boxd.it/1Hka,2.5
2023-06-26,Double Indemnity,1944,https://boxd.it/297I,4
2023-06-26,Snow White and the Seven Dwarfs,1937,https://boxd.it/2arO,3.5
2023-06-26,Six Shooter,2004,https://boxd.it/1wlG,3.5
2023-06-29,The Taking of Pelham One Two Three,1974,https://boxd.it/20lG,3.5
2023-06-29,Apollo 13,1995,https://boxd.it/2a6G,3.5
2023-06-29,Shrek,2001,https://boxd.it/29zi,4
2023-06-29,Transformers,2007,https://boxd.it/280c,2.5
2023-06-29,Armageddon,1998,https://boxd.it/2b9Q,3
2023-06-30,Sherlock Holmes,2009,https://boxd.it/1W2A,3
2023-06-30,Hair-Raising Hare,1946,https://boxd.it/4l1Q,4
2023-06-30,How the Grinch Stole Christmas!,1966,https://boxd.it/1Qj6,3.5
2023-07-01,The Lady Vanishes,1938,https://boxd.it/29ea,4
2023-07-02,The Magnificent Seven,1960,https://boxd.it/29bA,4
2023-07-03,Frost/Nixon,2008,https://boxd.it/1TI4,4
2023-07-03,Ran,1985,https://boxd.it/1Tlu,4
2023-07-04,Sherlock Gnomes,2018,https://boxd.it/cQXM,2.5
2023-07-04,The Hunt for Red October,1990,https://boxd.it/28lk,3.5
2023-07-04,Troop Beverly Hills,1989,https://boxd.it/1B2Y,2.5
2023-07-05,Pretty in Pink,1986,https://boxd.it/1TEw,3
2023-07-06,Pretty Woman,1990,https://boxd.it/2b6M,3.5
2023-07-06,Mrs. Doubtfire,1993,https://boxd.it/29Cw,3.5
2023-07-06,The Abyss,1989,https://boxd.it/26mK,3.5
2023-07-06,"Crouching Tiger, Hidden Dragon",2000,https://boxd.it/2b1M,3.5
2023-07-06,Knight and Day,2010,https://boxd.it/17po,3.5
2023-07-06,In Bruges,2008,https://boxd.it/20n8,4.5
2023-07-09,Breakfast at Tiffany's,1961,https://boxd.it/2aYS,2
2023-07-09,The Croods,2013,https://boxd.it/FRE,3
2023-07-09,Rise of the Guardians,2012,https://boxd.it/2PXw,2.5
2023-07-11,8½,1963,https://boxd.it/2aqm,3.5
2023-07-11,Free Birds,2013,https://boxd.it/5oi8,1
2023-07-11,Jonah: A VeggieTales Movie,2002,https://boxd.it/1MFM,3.5
2023-07-11,The Pirates Who Don't Do Anything: A VeggieTales Movie,2008,https://boxd.it/1M5a,3.5
2023-07-11,Unbroken,2014,https://boxd.it/6IaA,3
2023-07-11,A Grand Day Out,1989,https://boxd.it/2acu,4.5
2023-07-11,A Close Shave,1995,https://boxd.it/2aca,4
2023-07-11,Raiders of the Lost Ark,1981,https://boxd.it/2bbs,4
2023-07-11,Madagascar 3: Europe's Most Wanted,2012,https://boxd.it/2NF6,3
2023-07-12,Footloose,1984,https://boxd.it/288A,3
2023-07-13,Madagascar,2005,https://boxd.it/29dc,3.5
2023-07-13,Penguins of Madagascar,2014,https://boxd.it/89tc,2.5
2023-07-13,Ice Age,2002,https://boxd.it/2apS,3
2023-07-13,Bee Movie,2007,https://boxd.it/22Vw,3.5
2023-07-13,Cloudy with a Chance of Meatballs 2,2013,https://boxd.it/3GMw,3
2023-07-13,Home,2015,https://boxd.it/6JxA,2.5
2023-07-13,The Mask,1994,https://boxd.it/29rS,2
2023-07-13,The Little Matchgirl,2006,https://boxd.it/15GM,3
2023-07-13,Frozen Fever,2015,https://boxd.it/aE2A,2.5
2023-07-13,King Kong,1933,https://boxd.it/2aMM,4
2023-07-13,Ghost Rider,2007,https://boxd.it/290M,2.5
2023-07-14,A Charlie Brown Christmas,1965,https://boxd.it/1QDq,4
2023-07-14,A Charlie Brown Thanksgiving,1973,https://boxd.it/1Q5I,4
2023-07-15,Kubo and the Two Strings,2016,https://boxd.it/a4wE,3
2023-07-15,Mr. Peabody & Sherman,2014,https://boxd.it/2TRM,1.5
2023-07-15,The Boss Baby,2017,https://boxd.it/9mfO,2.5
2023-07-16,Groundhog Day,1993,https://boxd.it/2b3e,4.5
2023-07-17,"VeggieTales: Rack, Shack & Benny",1995,https://boxd.it/8hJ8,3
2023-07-17,No Time to Die,2021,https://boxd.it/cPX2,3.5
2023-07-17,Because of Winn-Dixie,2005,https://boxd.it/1HWo,2
2023-07-18,The Sandlot,1993,https://boxd.it/1TDy,3
2023-07-19,Milk,2008,https://boxd.it/1WZC,4
2023-07-19,Akeelah and the Bee,2006,https://boxd.it/1PuC,3
2023-07-19,Diary of a Wimpy Kid,2010,https://boxd.it/1fUa,1.5
2023-07-19,Bill & Ted's Excellent Adventure,1989,https://boxd.it/28oI,3.5
2023-07-19,Bill & Ted's Bogus Journey,1991,https://boxd.it/28oy,2
2023-07-19,Puss in Boots: The Last Wish,2022,https://boxd.it/aaie,3
2023-07-19,The Fabelmans,2022,https://boxd.it/ugoM,3.5
2023-07-20,Stand by Me,1986,https://boxd.it/2aOe,4.5
2023-07-20,Paper Moon,1973,https://boxd.it/1Ud2,4
2023-07-20,Burden of Dreams,1982,https://boxd.it/XGk,4
2023-07-22,Barbie,2023,https://boxd.it/bCLK,4
2023-07-22,Reservoir Dogs,1992,https://boxd.it/2agc,4.5
2023-07-23,Sister Act,1992,https://boxd.it/27EA,3
2023-07-23,Moonstruck,1987,https://boxd.it/27zg,3.5
2023-07-23,The Count of Monte Cristo,2002,https://boxd.it/1U24,3
2023-07-29,Joker,2019,https://boxd.it/h4cS,4
2023-07-30,Roundhay Garden Scene,1888,https://boxd.it/1K32,2.5
2023-07-30,Birdman or (The Unexpected Virtue of Ignorance),2014,https://boxd.it/5RFA,4
2023-07-30,Saboteur,1942,https://boxd.it/1hX6,3.5
2023-07-30,Eraserhead,1977,https://boxd.it/299u,4
2023-07-30,Sky Captain and the World of Tomorrow,2004,https://boxd.it/23jS,3
2023-07-30,Tron,1982,https://boxd.it/2b9w,3
2023-07-31,Sneakers,1992,https://boxd.it/26VU,4
2023-07-31,Batman Forever,1995,https://boxd.it/2ara,3
2023-07-31,Weekend at Bernie's,1989,https://boxd.it/204U,2.5
2023-07-31,Harry and the Hendersons,1987,https://boxd.it/1ZqK,2
2023-08-01,Zathura: A Space Adventure,2005,https://boxd.it/21mq,3
2023-08-01,Super Size Me 2: Holy Chicken!,2017,https://boxd.it/gO0w,3.5
2023-08-01,Punishment Park,1971,https://boxd.it/1tJK,4
2023-08-01,The Twilight Saga: New Moon,2009,https://boxd.it/1Hj2,2
2023-08-01,Dog Day Afternoon,1975,https://boxd.it/29bg,4
2023-08-02,The Driver,1978,https://boxd.it/27jW,4
2023-08-02,Godzilla,1998,https://boxd.it/29fW,2.5
2023-08-02,Godzilla,1954,https://boxd.it/28kc,4
2023-08-03,"It's the Great Pumpkin, Charlie Brown",1966,https://boxd.it/1Qmu,4
2023-08-03,12 Angry Men,1997,https://boxd.it/1Sg4,3.5
2023-08-03,The Hustler,1961,https://boxd.it/298G,4
2023-08-03,The Ox-Bow Incident,1943,https://boxd.it/29ai,3.5
2023-08-04,100% Beef,2013,https://boxd.it/hTgc,0.5
2023-08-06,Merry Madagascar,2009,https://boxd.it/1vKK,3
2023-08-06,Robin Hood: Prince of Thieves,1991,https://boxd.it/20hu,3.5
2023-08-08,Best in Show,2000,https://boxd.it/1Pqq,4
2023-08-10,Hamlet,1996,https://boxd.it/1VZc,4
2023-08-10,Ben-Hur,1959,https://boxd.it/29RQ,5
2023-08-10,The King of Comedy,1982,https://boxd.it/2aJS,4
2023-08-10,TÁR,2022,https://boxd.it/uNIA,4
2023-08-10,Grand Illusion,1937,https://boxd.it/29Ei,4
2023-08-12,Peeping Tom,1960,https://boxd.it/1Utk,4.5
2023-08-13,WHAT DID JACK DO?,2017,https://boxd.it/jcWe,3.5
2023-08-13,Ice Merchants,2022,https://boxd.it/Arx8,4.5
2023-08-13,Pas de Deux,1968,https://boxd.it/4dP4,3
2023-08-13,"history of the entire world, i guess",2017,https://boxd.it/rQx0,4
2023-08-13,Feast,2014,https://boxd.it/9eOQ,3.5
2023-08-13,Hittin' the Trail for Hallelujah Land,1931,https://boxd.it/54lm,2.5
2023-08-13,Sunday Go to Meetin' Time,1936,https://boxd.it/645g,1
2023-08-13,Duck and Cover,1952,https://boxd.it/zvC,3.5
2023-08-13,#1 Fan: A Darkomentary,2005,https://boxd.it/6sHy,2
2023-08-14,There Will Be Blood,2007,https://boxd.it/20Z2,4
2023-08-15,Men in Black,1997,https://boxd.it/2a0I,3.5
2023-08-15,Barton Fink,1991,https://boxd.it/2aFQ,3.5
2023-08-16,Beethoven Lives Upstairs,1992,https://boxd.it/tqc,2.5
2023-08-17,Hearts of Darkness: A Filmmaker's Apocalypse,1991,https://boxd.it/24ai,4
2023-08-17,The Fly,1980,https://boxd.it/KEK,3.5
2023-08-17,Sisyphus,1974,https://boxd.it/3c9O,3.5
2023-08-18,Amadeus,1984,https://boxd.it/2aH8,5
2023-08-19,Aquaman,2018,https://boxd.it/9ru0,2
2023-08-19,Gaslight,1944,https://boxd.it/1PYs,4
2023-08-20,The Astronomer's Dream,1898,https://boxd.it/3yr6,3.5
2023-08-22,The Bewitched House,1907,https://boxd.it/4sgS,4
2023-08-25,Nanny McPhee,2005,https://boxd.it/1Uek,2.5
2023-08-28,The Lost World: Jurassic Park,1997,https://boxd.it/2azS,3
2023-08-28,Notting Hill,1999,https://boxd.it/2aeK,3.5
2023-08-28,Full Metal Jacket,1987,https://boxd.it/2a1Q,3.5
2023-08-30,Maverick,1994,https://boxd.it/1YSI,3
2023-08-31,The Blob,1958,https://boxd.it/1ZKA,2.5
2023-09-01,Foreign Correspondent,1940,https://boxd.it/1vlA,3.5
2023-09-02,2010: The Year We Make Contact,1984,https://boxd.it/24lK,3.5
2023-09-02,The Last of the Mohicans,1992,https://boxd.it/1YSo,3.5
2023-09-03,The Producers,1967,https://boxd.it/1lMm,4
2023-09-04,What's a Nice Girl Like You Doing in a Place Like This?,1963,https://boxd.it/HNE,4
2023-09-04,How the Grinch Stole Christmas,2000,https://boxd.it/1ZHQ,3.5
2023-09-05,The Battle of Algiers,1966,https://boxd.it/1IRY,4
2023-09-05,Hackers,1995,https://boxd.it/1WhU,2.5
2023-09-05,Miss Pettigrew Lives for a Day,2008,https://boxd.it/1SlS,3.5
2023-09-05,Miracle on 34th Street,1947,https://boxd.it/1SRu,4
2023-09-05,Miracle on 34th Street,1994,https://boxd.it/1W5k,3.5
2023-09-06,Zelig,1983,https://boxd.it/1UOC,4
2023-09-07,The Philadelphia Story,1940,https://boxd.it/29a8,3.5
2023-09-10,Fight Club,1999,https://boxd.it/2a9q,4.5
2023-09-10,Tropic Thunder,2008,https://boxd.it/20WM,4
2023-09-10,Despicable Me 2,2013,https://boxd.it/3gg0,3
2023-09-10,Despicable Me,2010,https://boxd.it/1DD8,3.5
2023-09-10,Despicable Me 3,2017,https://boxd.it/azpu,2
2023-09-11,Charlie's Angels,2000,https://boxd.it/24v6,3
2023-09-11,2012,2009,https://boxd.it/1OE2,3
2023-09-11,Space Jam,1996,https://boxd.it/26YO,2.5
2023-09-12,The Purple Rose of Cairo,1985,https://boxd.it/1VeU,4.5
2023-09-18,3 Men and a Baby,1987,https://boxd.it/1SpA,2.5
2023-09-18,Contact,1997,https://boxd.it/29OM,4
2023-09-18,Gnomeo & Juliet,2011,https://boxd.it/OKi,3
2023-09-18,Chicago,2002,https://boxd.it/28zm,3.5
2023-09-18,The Manchurian Candidate,1962,https://boxd.it/299Y,4
2023-09-25,The Web,2013,https://boxd.it/cjy0,2.5
2023-09-29,Sleuth,1972,https://boxd.it/298c,4
2023-09-30,The Day the Earth Stood Still,1951,https://boxd.it/29w4,4
2023-10-01,Young and Innocent,1937,https://boxd.it/26lM,3
2023-10-08,Trolls,2016,https://boxd.it/4p8Q,1.5
2023-10-14,Mannequin,1987,https://boxd.it/1XhQ,2
2023-10-17,Curious George: A Halloween Boo Fest,2013,https://boxd.it/7y3Q,3
2023-10-23,Mr. & Mrs. Smith,2005,https://boxd.it/29CG,3
2023-10-26,That Darn Cat!,1965,https://boxd.it/1CZW,2.5
2023-10-29,Wild Wild West,1999,https://boxd.it/205y,0.5
2023-10-29,Triumph of the Will,1935,https://boxd.it/145A,3
2023-10-31,Diabolique,1955,https://boxd.it/29we,4
2023-11-01,Family Plot,1976,https://boxd.it/22t8,4
2023-11-05,The Bishop's Wife,1947,https://boxd.it/1F3m,3.5
2023-11-05,Hoch der Lambeth Valk,1941,https://boxd.it/8l2W,4
2023-11-06,Killers of the Flower Moon,2023,https://boxd.it/gHp0,4.5
2023-11-06,Shaun of the Dead,2004,https://boxd.it/29J8,4
2023-11-06,My Dinner with Andre,1981,https://boxd.it/1vLe,4
2023-11-11,The Critic,1963,https://boxd.it/4Edw,3.5
2023-11-11,Wayne's World,1992,https://boxd.it/1ZHG,3.5
2023-11-11,Rabbit of Seville,1950,https://boxd.it/xGo,4
2023-11-11,Buccaneer Bunny,1948,https://boxd.it/2WGs,4
2023-11-11,"What's Opera, Doc?",1957,https://boxd.it/x4Y,4
2023-11-11,Hare Tonic,1945,https://boxd.it/2WLC,4
2023-11-11,The Great Piggy Bank Robbery,1946,https://boxd.it/38DA,4
2023-11-11,Rabbit Hood,1949,https://boxd.it/38lw,4
2023-11-11,Baseball Bugs,1946,https://boxd.it/1d4m,4
2023-11-11,The Old Grey Hare,1944,https://boxd.it/38CM,3.5
2023-11-11,8 Ball Bunny,1950,https://boxd.it/2ApY,3
2023-11-12,Wild Target,2010,https://boxd.it/SGk,2
2023-11-14,Now and Then - The Last Beatles Song,2023,https://boxd.it/JnRw,3.5
2023-11-14,The Christmas Chronicles,2018,https://boxd.it/ja7e,2
2023-11-14,Stargate,1994,https://boxd.it/27iu,3
2023-11-16,The Skin Game,1931,https://boxd.it/ydW,1.5
2023-11-18,Parasite,2019,https://boxd.it/hTha,5
2023-11-24,Grumpy Old Men,1993,https://boxd.it/1TEQ,3
2023-11-25,Dune,2021,https://boxd.it/fA7G,4
2023-11-25,The Killing,1956,https://boxd.it/2aMi,4
2023-12-04,And Then There Were None,1945,https://boxd.it/23J2,3
2023-12-04,Man with a Movie Camera,1929,https://boxd.it/1u7s,3.5
2023-12-04,Duel,1971,https://boxd.it/29ui,3.5
2023-12-04,The Sprinkler Sprinkled,1895,https://boxd.it/2Slq,3
2023-12-06,Crazy Rich Asians,2018,https://boxd.it/gfnK,3
2023-12-07,Annie Get Your Gun,1950,https://boxd.it/1wca,1.5
2023-12-09,Man,2012,https://boxd.it/80Bw,3
2023-12-10,Scrooge,1970,https://boxd.it/1PsQ,3
2023-12-14,Real Genius,1985,https://boxd.it/1OeI,3
2023-12-14,Die Hard,1988,https://boxd.it/2a7u,4
2023-12-15,The Christmas Chronicles: Part Two,2020,https://boxd.it/ojzm,2
2023-12-15,A Christmas Story,1983,https://boxd.it/29sw,4
2023-12-17,Interstellar,2014,https://boxd.it/4VZ8,4
2023-12-17,Gifted Hands: The Ben Carson Story,2009,https://boxd.it/1Adc,2.5
2023-12-18,The Apartment,1960,https://boxd.it/2aGE,3.5
2023-12-18,Django Unchained,2012,https://boxd.it/2cCk,4
2023-12-19,Splash,1984,https://boxd.it/26ym,2.5
2023-12-19,Cool Runnings,1993,https://boxd.it/29qg,2.5
2023-12-19,Twelve Angry Men,1954,https://boxd.it/86E2,3
2023-12-20,Save Ralph,2021,https://boxd.it/ux2o,4.5
2023-12-20,Thin Watermelon,2010,https://boxd.it/E8uM,2.5
2023-12-20,Thingu,2012,https://boxd.it/FyGQ,4
2023-12-20,Daybreak Express,1953,https://boxd.it/28AY,4.5
2023-12-21,Double King,2017,https://boxd.it/g2Sq,4
2023-12-21,The Cat Concerto,1947,https://boxd.it/134Q,4
2023-12-21,Fiddler on the Roof,1971,https://boxd.it/1Nle,4
2023-12-22,Percy Jackson & the Olympians: The Lightning Thief,2010,https://boxd.it/1gJi,1
2023-12-23,One Flew Over the Cuckoo's Nest,1975,https://boxd.it/2aeA,4
2023-12-26,Fantastic Mr. Fox,2009,https://boxd.it/1WyQ,4
2023-12-26,Spirited,2022,https://boxd.it/nshk,2.5
2023-12-30,Nights of Cabiria,1957,https://boxd.it/1F7e,4
2023-12-31,I.Q.,1994,https://boxd.it/1T6Y,2
2023-12-31,Planet of the Apes,1968,https://boxd.it/29p8,4.5
2023-12-31,Spacy,1981,https://boxd.it/7g5a,4
2023-12-31,Thunder,1982,https://boxd.it/8yjc,3.5
2024-01-01,Planet 51,2009,https://boxd.it/1JA0,2.5
2024-01-01,I Confess,1953,https://boxd.it/1lPK,4
2024-01-02,The Majestic,2001,https://boxd.it/1UFU,3.5
2024-01-05,The Verdict,1982,https://boxd.it/1y3Y,4
2024-01-07,Lincoln,2012,https://boxd.it/2n2s,4
2024-01-12,Asteroid City,2023,https://boxd.it/s3ds,3.5
2024-01-13,The Post,2017,https://boxd.it/fTeG,3.5
2024-01-14,Singin' in the Rain,1952,https://boxd.it/29oY,4.5
2024-01-20,Uncharted,2022,https://boxd.it/b5Dy,2
2024-01-21,Sweet Smell of Success,1957,https://boxd.it/29aW,4
2024-01-23,The Addams Family,1991,https://boxd.it/267g,3
2024-01-23,Who Framed Roger Rabbit,1988,https://boxd.it/29ry,4
2024-01-27,Dirty Rotten Scoundrels,1988,https://boxd.it/1WZi,3.5
2024-01-28,Godzilla Minus One,2023,https://boxd.it/zu4c,4
2024-01-31,Cinema Paradiso,1988,https://boxd.it/1UlA,4.5
2024-02-06,Hotel Transylvania 3: Summer Vacation,2018,https://boxd.it/e1zI,1.5
2024-02-06,Rogue One: A Star Wars Story,2016,https://boxd.it/aPvy,4
2024-02-06,Ace Ventura: When Nature Calls,1995,https://boxd.it/1Z66,1.5
2024-02-10,John Henry,2000,https://boxd.it/5XdW,3
2024-02-10,Paul Bunyan,1958,https://boxd.it/Sk4,3
2024-02-15,Star Wars: Episode I – The Phantom Menace,1999,https://boxd.it/27Vc,4
2024-02-15,Solo: A Star Wars Story,2018,https://boxd.it/bGWs,3
2024-02-19,The Love Bug,1968,https://boxd.it/1OHg,3
2024-02-19,Oppenheimer,2023,https://boxd.it/wUow,5
2024-02-26,The Peanuts Movie,2015,https://boxd.it/6Jci,3
2024-03-02,Aliens,1986,https://boxd.it/29PA,3.5
2024-03-14,It Happened One Night,1934,https://boxd.it/25Ng,4
2024-03-17,Zoolander,2001,https://boxd.it/1YMA,3
2024-03-20,Pride & Prejudice,2005,https://boxd.it/24u8,4
2024-03-21,White Christmas,1954,https://boxd.it/1Qky,3.5
2024-03-23,One-Minute Time Machine,2014,https://boxd.it/bFSO,3.5
2024-03-24,Power Rangers,2017,https://boxd.it/9KKc,1.5
2024-03-25,Dune: Part Two,2024,https://boxd.it/pUfA,4
2024-03-30,Enola Holmes,2020,https://boxd.it/hX2o,2.5
2024-03-30,"Olive, the Other Reindeer",1999,https://boxd.it/1QiM,3
2024-03-30,Wonka,2023,https://boxd.it/tCQm,3
2024-03-30,Willy Wonka & the Chocolate Factory,1971,https://boxd.it/2aLu,4
2024-03-31,Mamma Mia!,2008,https://boxd.it/1Tnq,3
2024-04-01,The Circus,1928,https://boxd.it/1orm,4
2024-04-02,Carnival of Souls,1962,https://boxd.it/1KQ4,4
2024-04-06,Anatomy of a Fall,2023,https://boxd.it/yuDE,4.5
2024-04-09,The Nut Job,2014,https://boxd.it/6IWa,2
2024-04-09,Mickey's Christmas Carol,1983,https://boxd.it/1NkU,3.5
2024-04-09,All Dogs Go to Heaven,1989,https://boxd.it/1TIo,2
2024-04-09,Recess: Taking the Fifth Grade,2003,https://boxd.it/ehgC,2.5
2024-04-10,Persuasion,1995,https://boxd.it/1Jkw,3.5
2024-04-11,Back from Madness: The Struggle for Sanity,1996,https://boxd.it/dNuE,2
2024-04-11,Claymation Christmas Celebration,1987,https://boxd.it/1BZ2,3
2024-04-12,Nabokov on Kafka,1989,https://boxd.it/8T9i,2.5
2024-04-13,Metamorphosis,2012,https://boxd.it/gx9Q,0.5
2024-04-14,Sing,2016,https://boxd.it/b5EQ,2.5
2024-04-17,The Thomas Crown Affair,1999,https://boxd.it/29im,2.5
2024-04-21,Woody Woodpecker,2017,https://boxd.it/gyMa,0.5
2024-04-24,The Social Network,2010,https://boxd.it/17ue,3.5
2024-04-30,The Holdovers,2023,https://boxd.it/vHza,4.5
2024-05-01,Vincent,1982,https://boxd.it/1hLa,4
2024-05-01,The Alphabet,1969,https://boxd.it/Ssi,2.5
2024-05-01,Neighbours,1952,https://boxd.it/BtS,3
2024-05-01,Puparia,2020,https://boxd.it/sNym,3.5
2024-05-02,Paperman,2012,https://boxd.it/4uYW,4
2024-05-02,Feral,2012,https://boxd.it/6UnG,3
2024-05-03,At Land,1944,https://boxd.it/RWc,4
2024-05-07,Newark Athlete,1891,https://boxd.it/3z3k,3
2024-05-11,Stop Making Sense,1984,https://boxd.it/1ygo,4
2024-05-14,Passage of Venus,1874,https://boxd.it/ac9I,2.5
2024-05-22,A League of Their Own,1992,https://boxd.it/1UdG,4
2024-05-22,Saving Private Ryan,1998,https://boxd.it/29ro,4
2024-05-22,Night and Fog,1956,https://boxd.it/29A6,4.5
2024-05-23,Blazing Saddles,1974,https://boxd.it/1UHQ,4
2024-05-24,Next,2007,https://boxd.it/28bY,2.5
2024-05-25,Mad Max 2,1981,https://boxd.it/1ZPg,4
2024-05-26,"The One and Only, Genuine, Original Family Band",1968,https://boxd.it/yc,3
2024-05-26,Hotel Transylvania 2,2015,https://boxd.it/4ZLk,2
2024-05-26,VeggieTales: Josh and the Big Wall,1997,https://boxd.it/7KZs,3
2024-05-26,Furiosa: A Mad Max Saga,2024,https://boxd.it/tABk,4
2024-05-26,Ferdinand,2017,https://boxd.it/cC7i,2.5
2024-05-26,Coco,2017,https://boxd.it/bYJQ,3.5
2024-05-28,Fantastic Beasts: The Crimes of Grindelwald,2018,https://boxd.it/bg8G,2
2024-05-28,Fantastic Beasts and Where to Find Them,2016,https://boxd.it/7FPC,3
2024-06-03,The Office,1966,https://boxd.it/GSI,3.5
2024-06-04,Kill Bill: Vol. 1,2003,https://boxd.it/70w,4.5
2024-06-05,The Musician Monkey,1878,https://boxd.it/sbZ0,2.5
2024-06-05,Insomnia,2002,https://boxd.it/2aB0,4
2024-06-08,Die Hard 2,1990,https://boxd.it/28zw,4
2024-06-10,Oklahoma!,1955,https://boxd.it/1P5M,3.5
2024-06-15,Hoodwinked Too! Hood VS. Evil,2011,https://boxd.it/nxc,1
2024-06-17,Die Hard With a Vengeance,1995,https://boxd.it/28zG,3.5
2024-06-22,Mad Max: Fury Road,2015,https://boxd.it/2DjO,5
2024-06-24,Inside Out 2,2024,https://boxd.it/CFrC,3
2024-06-24,Mad Max Beyond Thunderdome,1985,https://boxd.it/1YTm,2.5
2024-06-24,Once Upon a Time... in Hollywood,2019,https://boxd.it/gH0O,4
2024-06-27,Gun Crazy,1950,https://boxd.it/1Gw0,4
2024-06-29,High Noon,1952,https://boxd.it/2aGa,4
2024-06-30,The Ten Commandments,1956,https://boxd.it/21mg,4
2024-07-01,Vampyr,1932,https://boxd.it/29DY,3
2024-07-02,What Dreams May Come,1998,https://boxd.it/1SoM,3
2024-07-02,Badlands,1973,https://boxd.it/25Fm,4
2024-07-04,Captain Blood,1935,https://boxd.it/1JvO,4
2024-07-05,Hotel Rwanda,2004,https://boxd.it/2aSA,4
2024-07-06,Brazil,1985,https://boxd.it/2be2,4
2024-07-07,Star Trek,2009,https://boxd.it/1Q6c,3.5
2024-07-07,Star Trek Into Darkness,2013,https://boxd.it/uYE,3
2024-07-07,Star Trek Beyond,2016,https://boxd.it/5Ik4,3
2024-07-11,Blade Runner,1982,https://boxd.it/2bcA,4.5
2024-07-15,The Hitchhiker's Guide to the Galaxy,2005,https://boxd.it/20VE,3
2024-07-15,Johnny English Reborn,2011,https://boxd.it/kQq,2
2024-07-16,Night at the Museum,2006,https://boxd.it/28wi,3
2024-07-18,Who Killed Who?,1943,https://boxd.it/3644,4
2024-07-19,The Killing Fields,1984,https://boxd.it/29Yi,4
2024-07-20,Twister,1996,https://boxd.it/29S0,3
2024-07-21,42nd Street,1933,https://boxd.it/25PQ,3.5
2024-07-23,Lone Star,1996,https://boxd.it/1tge,4.5
2024-07-24,The BFG,2016,https://boxd.it/81cs,2
2024-07-28,Lara Croft: Tomb Raider,2001,https://boxd.it/27G2,2.5
2024-07-28,Casino Royale,2006,https://boxd.it/1alk,3.5
2024-07-31,Hidden Figures,2016,https://boxd.it/dgS4,3.5
2024-08-04,Death on the Nile,2022,https://boxd.it/ifpg,3
2024-08-04,Yankee Doodle Dandy,1942,https://boxd.it/25LO,3.5
2024-08-05,Mon Oncle,1958,https://boxd.it/2apy,4
2024-08-10,A Hard Day's Night,1964,https://boxd.it/29LS,4.5
2024-08-10,Scream,1996,https://boxd.it/24EC,3
2024-08-10,Detour,1945,https://boxd.it/1DB2,3
2024-08-11,Storks,2016,https://boxd.it/aUo8,2
2024-08-12,Pépé le Moko,1937,https://boxd.it/1ufQ,3.5
2024-08-12,Queen Christina,1933,https://boxd.it/1iTY,3
2024-08-13,X-Men,2000,https://boxd.it/1a7s,3
2024-08-13,X2,2003,https://boxd.it/1a7i,3
2024-08-13,X-Men: The Last Stand,2006,https://boxd.it/1a5Q,3
2024-08-13,X-Men: First Class,2011,https://boxd.it/FOA,3
2024-08-15,The Umbrellas of Cherbourg,1964,https://boxd.it/22fK,5
2024-08-15,Food,1992,https://boxd.it/gkA,4
2024-08-17,Close Encounters of the Third Kind,1977,https://boxd.it/29u8,4
2024-08-18,Russian Ark,2002,https://boxd.it/1JQM,3.5
2024-08-18,Freaks,1932,https://boxd.it/2b3o,4
2024-08-18,Z,1969,https://boxd.it/26pY,4
2024-08-18,Wavelength,1967,https://boxd.it/37ZA,3
2024-08-19,The Jungle Book,1967,https://boxd.it/1YY2,3.5
2024-08-19,The Exiles,1961,https://boxd.it/2XXE,2.5
2024-08-19,In the Mood for Love,2000,https://boxd.it/29tE,4.5
2024-08-25,Dracula,1931,https://boxd.it/2b34,4
2024-08-27,The Four Troublesome Heads,1898,https://boxd.it/GoS,4
2024-08-27,Mad Max,1979,https://boxd.it/1Y7i,4
2024-08-28,Hugo,2011,https://boxd.it/R08,3
2024-08-30,The Birth of Cinema,1946,https://boxd.it/eP9q,3.5
2024-08-30,Edison Kinetoscopic Record of a Sneeze,1894,https://boxd.it/3zn0,3
2024-08-30,"Traffic in King's Road, Chelsea",1890,https://boxd.it/c1vi,2.5
2024-09-01,Lorenzo,2004,https://boxd.it/7ce8,3
2024-09-02,On the Town,1949,https://boxd.it/1iVg,3.5
2024-09-02,Night of the Living Dead,1968,https://boxd.it/1WwA,3.5
2024-09-02,A Face in the Crowd,1957,https://boxd.it/2lyc,4
2024-09-02,Moonrise Kingdom,2012,https://boxd.it/2Wng,4
2024-09-02,Harold and Maude,1971,https://boxd.it/2axM,4
2024-09-04,Kuleshov Effect,1919,https://boxd.it/gxGA,3.5
2024-09-07,The Birdcage,1996,https://boxd.it/1UTi,4
2024-09-07,Bullets Over Broadway,1994,https://boxd.it/1TYQ,4
2024-09-08,Battleship Potemkin,1925,https://boxd.it/29Vo,3.5
2024-09-08,Manhattan,1979,https://boxd.it/29Na,4.5
2024-09-08,Rabbits,2002,https://boxd.it/SaI,3.5
2024-09-09,Reservoir Dogs,1991,https://boxd.it/fL8A,3
2024-09-09,David Lynch Cooks Quinoa,2007,https://boxd.it/Ljok,4
2024-09-10,The Music Box,1932,https://boxd.it/QPO,3.5
2024-09-10,Fitzcarraldo,1982,https://boxd.it/1YV8,4.5
2024-09-11,The House Is Black,1963,https://boxd.it/STe,4
2024-09-12,The Great Train Robbery,1903,https://boxd.it/22JU,4
2024-09-13,The Cabinet of Dr. Caligari,1920,https://boxd.it/2aOo,3.5
2024-09-14,Point Blank,1967,https://boxd.it/1uAE,4
2024-09-15,10 Rillington Place,1971,https://boxd.it/1uig,4
2024-09-16,Sphere,1998,https://boxd.it/1WXm,2.5
2024-09-16,Tribute to Zgougou the Cat,2002,https://boxd.it/gsVK,4
2024-09-17,Werner Herzog Eats His Shoe,1980,https://boxd.it/3pcw,4
2024-09-19,Harvie Krumpet,2003,https://boxd.it/1Cp0,4
2024-09-20,Bowling for Columbine,2002,https://boxd.it/28Ls,4
2024-09-21,Coming Out,2020,https://boxd.it/sh0C,3.5
2024-09-21,Wuthering Heights,1939,https://boxd.it/25Mi,3.5
2024-09-22,A Corner in Wheat,1909,https://boxd.it/GsK,3
2024-09-24,The Red Balloon,1956,https://boxd.it/1Mxo,4
2024-09-26,Workers Leaving the Lumière Factory,1895,https://boxd.it/29EM,3.5
2024-09-26,The Arrival of a Train at La Ciotat,1896,https://boxd.it/2aZw,3.5
2024-09-27,Un Chien Andalou,1929,https://boxd.it/29Y8,3.5
2024-09-27,Lawrence of Arabia,1962,https://boxd.it/2wRE,4.5
2024-09-28,The Age of Innocence,1993,https://boxd.it/1WgM,4
2024-09-28,"Planes, Trains and Automobiles",1987,https://boxd.it/26zE,3.5
2024-09-28,Sullivan's Travels,1941,https://boxd.it/1Ko0,4
2024-09-29,Electrocuting an Elephant,1903,https://boxd.it/4BnS,1.5
2024-09-29,Sallie Gardner at a Gallop,1878,https://boxd.it/5QQi,3.5
2024-09-30,Annie Oakley,1894,https://boxd.it/4Bew,3.5
2024-09-30,The Flying Train,1902,https://boxd.it/rogU,4
2024-10-01,Manhunter,1986,https://boxd.it/1TOw,4.5
2024-10-05,Joker: Folie à Deux,2024,https://boxd.it/xBoE,2.5
2024-10-06,We Are Marshall,2006,https://boxd.it/1UsQ,3
2024-10-06,The Life and Death of Colonel Blimp,1943,https://boxd.it/1wwk,4
2024-10-07,Breathless,1960,https://boxd.it/2aIK,3.5
2024-10-08,The Swimmer,1968,https://boxd.it/1ffG,4
2024-10-15,The Thin Blue Line,1988,https://boxd.it/1OnK,4
2024-10-15,Kind Hearts and Coronets,1949,https://boxd.it/1SPe,4
2024-10-27,Girlfriends,1978,https://boxd.it/3JYU,3
2024-11-01,Chungking Express,1994,https://boxd.it/1UDa,4
2024-11-01,The Fog,1980,https://boxd.it/29Cc,3.5
2024-11-08,This Is Not a Film,2011,https://boxd.it/2W4o,3.5
2024-11-09,V for Vendetta,2005,https://boxd.it/29Ik,4
2024-11-10,Se7en,1995,https://boxd.it/29zs,4
2024-11-11,Penelope,2006,https://boxd.it/20HW,2.5
2024-11-15,Viy,1967,https://boxd.it/nd2,3.5
2024-11-18,The Saint,1997,https://boxd.it/1Xkq,2.5
2024-11-19,We Live in Time,2024,https://boxd.it/FC5u,3
2024-11-20,RRR,2022,https://boxd.it/ljDs,4
2024-11-24,Doctor Zhivago,1965,https://boxd.it/29jk,4
2024-11-24,The Green Mile,1999,https://boxd.it/2agG,4.5
2024-11-29,Nashville,1975,https://boxd.it/25GE,5
2024-11-29,Roman Holiday,1953,https://boxd.it/29zW,4
2024-11-30,Eragon,2006,https://boxd.it/26Fs,1.5
2024-11-30,Dracula,1958,https://boxd.it/1STA,4
2024-12-08,12 Years a Slave,2013,https://boxd.it/2D2e,4
2024-12-09,Santa Claus Is Comin' to Town,1970,https://boxd.it/1QfI,3
2024-12-13,Mister Magoo's Christmas Carol,1962,https://boxd.it/Fji,2.5
2024-12-13,Rudolph the Red-Nosed Reindeer,1964,https://boxd.it/1Qis,4
2024-12-13,Frosty the Snowman,1969,https://boxd.it/1PEC,3
2024-12-13,Frosty Returns,1992,https://boxd.it/1qok,1.5
2024-12-14,Sidelined: The QB and Me,2024,https://boxd.it/A8lW,1.5
2024-12-17,Only Angels Have Wings,1939,https://boxd.it/Ttw,4
2024-12-18,An American in Paris,1951,https://boxd.it/26kY,3.5
2024-12-21,Kill Bill: Vol. 2,2004,https://boxd.it/2au4,3.5
2024-12-21,Roger & Me,1989,https://boxd.it/289I,4
2024-12-24,Superbad,2007,https://boxd.it/20hO,3
2024-12-24,Dark City,1998,https://boxd.it/26uk,3.5
2024-12-24,Justice League,2017,https://boxd.it/4w68,2
2024-12-25,Arnulf Rainer,1960,https://boxd.it/4wwU,2
2024-12-25,All My Life,1966,https://boxd.it/3i3C,4
2024-12-27,We Bought a Zoo,2011,https://boxd.it/2AU8,2
2024-12-27,GoldenEye,1995,https://boxd.it/29KU,3
2024-12-28,Johnny Guitar,1954,https://boxd.it/1tyW,4
2024-12-29,A Haunting in Venice,2023,https://boxd.it/zGdg,3
2024-12-30,I Know Where I'm Going!,1945,https://boxd.it/pQU,4
2025-01-01,Anaconda,1997,https://boxd.it/1YSy,2
2025-01-01,Glass,1958,https://boxd.it/y9K,4
2025-01-03,Nosferatu,2024,https://boxd.it/f5eG,3
2025-01-05,Erin Brockovich,2000,https://boxd.it/2al2,3.5
2025-01-06,Darkest Hour,2017,https://boxd.it/dZZa,4
2025-01-07,Phantom of the Paradise,1974,https://boxd.it/1s34,5
2025-01-08,Twin Peaks,1989,https://boxd.it/g8pk,5
2025-01-11,The Lighthouse,2019,https://boxd.it/icFU,3.5
2025-01-11,Bad Boys,1995,https://boxd.it/1XVG,2.5
2025-01-12,Donnie Darko,2001,https://boxd.it/2b2A,4.5
2025-01-18,American Fiction,2023,https://boxd.it/DYHm,4
2025-01-26,Comingled Containers,1996,https://boxd.it/490Q,4
2025-01-26,An Optical Poem,1938,https://boxd.it/5Q1Y,3.5
2025-01-26,Atman,1975,https://boxd.it/5n4Y,3.5
2025-01-26,The Life and Death of 9413: A Hollywood Extra,1928,https://boxd.it/3Rjg,3
2025-01-27,The House in the Middle,1954,https://boxd.it/4HuA,3.5
2025-01-27,Time Piece,1965,https://boxd.it/IrE,4
2025-01-28,A Sense of History,1992,https://boxd.it/erY,4
2025-02-15,Bottoms,2023,https://boxd.it/uGf2,1.5
2025-02-18,Pulp Fiction,1994,https://boxd.it/29Pq,4
2025-03-01,Topsy-Turvy,1999,https://boxd.it/Nbc,4
2025-03-03,Network,1976,https://boxd.it/1VqG,4
2025-03-03,Being There,1979,https://boxd.it/1WxS,4.5
2025-03-08,A Fish Called Wanda,1988,https://boxd.it/29YC,3.5
2025-03-10,Kagemusha,1980,https://boxd.it/1SGG,4
2025-03-12,The Discreet Charm of the Bourgeoisie,1972,https://boxd.it/2440,3.5
2025-03-17,A Real Pain,2024,https://boxd.it/CjNG,4.5
2025-03-22,GoodFellas,1990,https://boxd.it/29FA,4.5
2025-03-23,Rendezvous,1976,https://boxd.it/28RA,4
2025-04-01,La Strada,1954,https://boxd.it/2asi,4
2025-04-02,Jumanji,1995,https://boxd.it/1ZLI,3
2025-04-02,Lars and the Real Girl,2007,https://boxd.it/21tG,4
2025-04-03,Mikey and Nicky,1976,https://boxd.it/iL4,3
2025-04-04,Blood Simple,1984,https://boxd.it/1U16,5
2025-04-07,M*A*S*H,1970,https://boxd.it/29U6,4
2025-04-11,Blow Out,1981,https://boxd.it/1TlE,4
2025-04-12,Edward Scissorhands,1990,https://boxd.it/2aZc,4
2025-04-12,Mean Streets,1973,https://boxd.it/2aSU,4
2025-04-13,A Minecraft Movie,2025,https://boxd.it/zRro,1.5
2025-04-13,The Andromeda Strain,1971,https://boxd.it/1W4Q,3
2025-04-16,The Dante Quartet,1987,https://boxd.it/48S8,4
2025-04-18,Mephisto,1981,https://boxd.it/1SN8,4
2025-04-19,Stagecoach,1939,https://boxd.it/297S,4.5
2025-04-19,In the Heat of the Night,1967,https://boxd.it/1VLY,4.5
2025-04-20,All That Jazz,1979,https://boxd.it/1JB8,4
2025-04-21,The Player,1992,https://boxd.it/1WlM,3.5
2025-04-29,The Long Goodbye,1973,https://boxd.it/281O,3.5
2025-04-30,Conclave,2024,https://boxd.it/AO8q,4
2025-05-01,Everything Will Be OK,2006,https://boxd.it/1h0y,4
2025-05-03,The Skeleton Dance,1929,https://boxd.it/374E,4
2025-05-07,Pink Floyd: The Wall,1982,https://boxd.it/1Sxk,4
2025-05-08,A Matter of Loaf and Death,2008,https://boxd.it/1O4S,4
2025-05-10,Spotlight,2015,https://boxd.it/a84k,4
2025-05-10,Taste of Cherry,1997,https://boxd.it/1m8W,4
2025-05-14,Zodiac,2007,https://boxd.it/27MO,4
2025-05-15,Step Brothers,2008,https://boxd.it/1SsE,2.5
2025-05-16,Sherlock Jr.,1924,https://boxd.it/298m,5
2025-05-17,Begone Dull Care,1949,https://boxd.it/4cMo,4
2025-05-26,Escape from New York,1981,https://boxd.it/294k,3.5
2025-05-27,Thief,1981,https://boxd.it/1TEc,3
2025-05-27,Hundreds of Beavers,2022,https://boxd.it/CyUM,4
2025-05-28,Come and See,1985,https://boxd.it/1w9q,5
2025-05-28,True Stories,1986,https://boxd.it/1wXU,3
2025-05-29,Dead Man,1995,https://boxd.it/29h4,3.5
2025-05-30,The Pink Panther,1963,https://boxd.it/29eO,3
2025-05-30,LEGO: The Adventures of Clutch Powers,2010,https://boxd.it/1fvk,2.5
2025-05-31,Sense and Sensibility,1995,https://boxd.it/244E,4.5
2025-06-01,The Royal Tenenbaums,2001,https://boxd.it/1YHU,4
2025-06-02,Rushmore,1998,https://boxd.it/1TAO,4
2025-06-02,A Clockwork Orange,1971,https://boxd.it/2aVE,4
2025-06-03,Meet Me in St. Louis,1944,https://boxd.it/29j0,3.5
2025-06-03,A Movie,1958,https://boxd.it/4cM4,3.5
2025-06-04,The Intruder,1962,https://boxd.it/2MqE,4
2025-06-05,Caddyshack,1980,https://boxd.it/1SCO,3
2025-06-05,Airplane!,1980,https://boxd.it/29yu,4
2025-06-06,Family Guy Presents: Blue Harvest,2007,https://boxd.it/oiw2,4
2025-06-06,Caché,2005,https://boxd.it/2amY,4
2025-06-07,Batman & Robin,1997,https://boxd.it/2ar0,2
2025-06-07,The Masque of the Red Death,1964,https://boxd.it/1w12,3
2025-06-08,A Day in the Country,1946,https://boxd.it/Tm6,3.5
2025-06-09,An Inconvenient Truth,2006,https://boxd.it/289y,4
2025-06-10,Mothlight,1963,https://boxd.it/3mQe,3
2025-06-10,Mississippi Burning,1988,https://boxd.it/28r8,4.5
2025-06-11,The Phoenician Scheme,2025,https://boxd.it/H0Ca,3.5
2025-06-11,Life of Brian,1979,https://boxd.it/2a4q,4
2025-06-12,The Lady Eve,1941,https://boxd.it/25LY,4
2025-06-13,Seven Samurai,1954,https://boxd.it/2axi,4
2025-06-14,Wise Blood,1979,https://boxd.it/Xxs,3
2025-06-14,Breakaway,1967,https://boxd.it/4inO,2.5
2025-06-15,Harlan County U.S.A.,1976,https://boxd.it/1fJw,4
2025-06-16,The Kiss,1896,https://boxd.it/3i7u,3
2025-06-16,Tongues Untied,1989,https://boxd.it/3m1g,4
2025-06-16,Anthem,1992,https://boxd.it/8F5G,3
2025-06-16,Affirmations,1990,https://boxd.it/fn0i,4
2025-06-17,The Silence of the Lambs,1991,https://boxd.it/2aHW,4
2025-06-17,Do the Right Thing,1989,https://boxd.it/29gA,5
2025-06-19,The Big Lebowski,1998,https://boxd.it/2b6C,4
2025-06-19,Long Train Running: A History of the Oakland Blues,1981,https://boxd.it/nwfM,2
2025-06-19,Ethnic Notions,1986,https://boxd.it/4FLO,4
2025-06-20,Mildred Pierce,1945,https://boxd.it/25uS,4
2025-06-21,First Reformed,2017,https://boxd.it/go9C,3.5
2025-06-21,The Last Picture Show,1971,https://boxd.it/1weg,4
2025-06-26,Working Girl,1988,https://boxd.it/25ha,3.5
2025-06-27,The Fog of War,2003,https://boxd.it/1Row,4
2025-06-28,Much Ado About Nothing,1993,https://boxd.it/1SDM,4
2025-06-28,The Fall Guy,2024,https://boxd.it/s0Bm,3.5
2025-06-29,Victor/Victoria,1982,https://boxd.it/1RzE,3.5
2025-06-29,Local Hero,1983,https://boxd.it/1Uiw,4
2025-07-01,The Asphalt Jungle,1950,https://boxd.it/1Jrs,4
2025-07-01,The Big Country,1958,https://boxd.it/1RQU,4
2025-07-02,Monster on the Campus,1958,https://boxd.it/1dDc,2.5
2025-07-02,Mulholland Drive,2001,https://boxd.it/297o,4
2025-07-03,The Times of Harvey Milk,1984,https://boxd.it/1g1U,4.5
2025-07-04,Hamlet,1948,https://boxd.it/1ziq,3
2025-07-04,Born Yesterday,1950,https://boxd.it/1xzu,3
2025-07-04,Outer Space,1999,https://boxd.it/3IOY,4
2025-07-05,Independence Day,1996,https://boxd.it/2a1w,2.5
2025-07-05,Color Adjustment,1992,https://boxd.it/6dl8,4
2025-07-05,Report,1967,https://boxd.it/378m,3.5
2025-07-06,No Regret,1993,https://boxd.it/8ERk,4
2025-07-06,Duck Amuck,1953,https://boxd.it/x66,4.5
2025-07-08,CODA,2021,https://boxd.it/tbf4,3
2025-07-08,Camelot,1967,https://boxd.it/1FWw,3
2025-07-08,Dirty Harry,1971,https://boxd.it/299E,4
2025-07-17,Gran Torino,2008,https://boxd.it/1Qzy,4
2025-07-19,Platoon,1986,https://boxd.it/29BS,4
2025-07-22,Soundtrack to a Coup d'Etat,2024,https://boxd.it/K5gk,4
2025-07-22,Who's Afraid of Virginia Woolf?,1966,https://boxd.it/2atK,3.5
2025-07-22,The Departed,2006,https://boxd.it/28MA,3
2025-07-23,The Taking of Power by Louis XIV,1966,https://boxd.it/2uMM,3
2025-07-23,Duck Soup,1933,https://boxd.it/25PG,4
2025-07-24,Seven Up!,1964,https://boxd.it/AnE,3.5
2025-07-26,Sinners,2025,https://boxd.it/KQMM,4
2025-07-27,Rest Energy,1980,https://boxd.it/oTL4,4
2025-07-28,Wings of Desire,1987,https://boxd.it/2b26,4.5
2025-07-29,The Train,1964,https://boxd.it/25lm,4
2025-07-30,City of Angels,1998,https://boxd.it/29Bo,3.5
2025-08-01,Tokyo Drifter,1966,https://boxd.it/OTY,3.5
2025-08-01,Lemon,1969,https://boxd.it/4F2u,3
2025-08-01,The Thomas Crown Affair,1968,https://boxd.it/29iw,3.5
2025-08-01,Black Is… Black Ain’t,1994,https://boxd.it/2FZ8,4
2025-08-02,L.A. Confidential,1997,https://boxd.it/27oC,4.5
2025-08-02,Night Music,1986,https://boxd.it/48RY,4
2025-08-03,Superman,2025,https://boxd.it/E9IU,4
2025-08-03,The Cameraman's Revenge,1912,https://boxd.it/3b1k,4
2025-08-04,Children of Heaven,1997,https://boxd.it/1C5k,4
2025-08-05,Smokey and the Bandit,1977,https://boxd.it/1USk,4
2025-08-05,Olympia Part One: Festival of the Nations,1938,https://boxd.it/29PU,4
2025-08-05,Olympia Part Two: Festival of Beauty,1938,https://boxd.it/29OW,4
2025-08-06,Midnight in Paris,2011,https://boxd.it/i4a,3.5
2025-08-06,Au Revoir les Enfants,1987,https://boxd.it/288U,4.5
2025-08-07,Sin City,2005,https://boxd.it/2aVk,3
2025-08-09,The Naked Gun,2025,https://boxd.it/Da9k,3.5
2025-08-19,The Hospital,1971,https://boxd.it/1hLE,4
2025-08-26,La La Land,2016,https://boxd.it/a5fa,4
2025-08-31,Gone in Sixty Seconds,2000,https://boxd.it/1Y4y,2.5
2025-09-01,Baby Driver,2017,https://boxd.it/bhF2,4
2025-09-03,Hoodwinked!,2005,https://boxd.it/1UVS,4
2025-09-07,Bring Her Back,2025,https://boxd.it/Hxlc,2
2025-09-10,Schwechater,1958,https://boxd.it/4C0g,3
2025-09-25,Crumb,1994,https://boxd.it/1tDi,4
2025-09-26,Snakes on a Plane,2006,https://boxd.it/2aAw,2
2025-09-29,American Psycho,2000,https://boxd.it/28Vs,3.5
2025-10-06,The Life Aquatic with Steve Zissou,2004,https://boxd.it/2aqw,4
2025-10-07,Bride of Frankenstein,1935,https://boxd.it/2aPc,3.5
2025-10-07,Bullet Train,2022,https://boxd.it/qW26,3.5
2025-10-08,Incredibles 2,2018,https://boxd.it/7IPg,3
2025-10-08,KPop Demon Hunters,2025,https://boxd.it/ufwK,3
2025-10-14,A Matter of Life and Death,1946,https://boxd.it/1q6K,4
